"9","BLCネイルサロン","〒951-8116","新潟県新潟市中央区東中通一番町","86-84","NSテラス1F","2019-02-05 07:44:16","2019-02-05 07:44:16"
"11","小林ビル","〒950-0922","新潟県新潟市中央区山二ツ","2丁目2-12","小林ビル2F","2019-02-05 08:05:59","2019-02-05 08:05:59"
"13","横町田中邸","〒955-0064","新潟県三条市横町","2丁目5-40","","2019-02-05 10:03:19","2019-02-05 10:03:19"
"14","旧あらい整形外科","〒955-0051","新潟県三条市鶴田","2丁目1-10","","2019-02-05 10:27:37","2019-02-05 10:27:37"
"17","のみすけ新潟駅前店","〒950-0087","新潟県新潟市中央区東大通","1丁目2-11","肉昭ビル2F","2019-02-07 08:28:37","2019-02-07 08:28:37"
"18","心平駅前店","〒950-0901","新潟県新潟市中央区弁天","1丁目1-16","サンテラス石宮1F","2019-02-07 08:38:11","2019-02-07 08:38:11"
"19","阿部様自動車工場","〒950-1104","新潟県新潟市西区寺地","425-1","","2019-02-07 08:41:56","2019-02-07 08:41:56"
"20","県央バルぱぷりか","〒955-0091","新潟県三条市上須頃","789-1","","2019-02-07 16:22:17","2019-02-07 16:22:17"
"21","高井歯科医院","〒959-1261","新潟県燕市秋葉町","3丁目7-23","","2019-02-07 16:23:56","2019-02-07 16:23:56"
"22","加勢牧場","〒949-4502","新潟県長岡市黒坂","615","","2019-02-07 16:26:43","2019-02-07 16:26:43"
"23","新潟県立三条テクノスクール","〒955-0024","新潟県三条市柳沢","353-2","","2019-02-07 16:55:14","2019-02-07 16:55:14"
"24","ばく亭","〒950-0017","新潟県新潟市東区新松崎","2丁目2-7","M･Kビル","2019-02-07 17:50:27","2019-02-07 17:50:27"
"32","はなみずきトレーニングジム","〒950-0893","新潟県新潟市東区はなみずき","2丁目9-17","","2019-02-08 08:57:40","2019-02-08 08:57:40"
"33","県央クロエ・アイラ","〒959-1232","新潟県燕市井土巻","3丁目11","スギコビル1F","2019-02-08 09:19:22","2019-02-08 09:22:43"
"39","はなみずきフィットネスジム","〒950-0893","新潟県新潟市東区はなみずき","2丁目9-17","","2019-02-13 10:31:45","2019-02-13 10:31:45"
"40","三柳貸家","〒955-0015","新潟県三条市三柳","1-28","","2019-02-14 07:38:36","2019-02-14 07:38:36"
"44","富寿し新潟駅前店","〒950-0087","新潟県新潟市中央区東大通","1丁目2-5","クオリスビル1F","2019-02-14 13:32:25","2019-11-21 14:09:37"
"49","ぜんてい燕三条店","〒955-0092","新潟県三条市須頃","2丁目129","","2019-02-16 07:48:14","2019-02-16 07:48:14"
"51","湘南美容クリニック","〒950-0088","新潟県新潟市中央区万代","1丁目3-10","新潟万代ビル8階","2019-02-16 08:20:24","2019-02-16 08:20:24"
"60","麺屋坂本01","〒143-0023","東京都大田区山王","2-1-5","大森駅RARAビルB1F","2019-02-19 08:12:35","2019-02-19 08:12:35"
"65","モスバーガー新潟亀貝店","〒950-2033","新潟県新潟市西区亀貝","1468","","2019-02-20 07:50:18","2019-02-20 07:50:18"
"67","燕三条地場産業振興センター","〒955-0092","新潟県三条市須頃","1丁目17番地","燕三条地場産業振興センター","2019-02-20 11:25:37","2020-08-06 11:33:16"
"76","旧ハーフ","〒955-0071","新潟県三条市本町","2丁目2-22","ファインビル2　1F","2019-02-25 15:11:58","2019-02-25 15:11:58"
"81","若女将東京店","","","","","2019-02-25 15:22:15","2019-11-06 11:03:16"
"82","スナックのーぶる","〒955-0071","新潟県三条市本町","2丁目2-25","栗田ビル　2F","2019-02-25 15:32:14","2019-02-25 15:32:14"
"83","JANGO","〒955-0071","新潟県三条市本町","2-13-18","石川ビル　1F","2019-02-25 15:36:31","2019-02-25 15:36:31"
"84","アパシティ壱番館","〒955-0047","新潟県三条市東三条","1丁目22-10","アパシティ東三条駅壱番館","2019-02-25 15:42:44","2019-02-25 15:42:44"
"112","モスバーガー亀田店","〒950-0152","新潟県新潟市江南区亀田緑町","3丁目1-51","","2019-03-04 15:55:38","2019-03-04 15:55:38"
"119","寿司・和食一","〒940-2106","新潟県長岡市古正寺","1丁目2972","","2019-03-05 17:19:36","2019-03-05 17:19:36"
"130","アベリア","〒955-0071","新潟県三条市本町","2丁目2-22","寿ビル　1F","2019-03-09 08:45:44","2019-03-09 08:45:44"
"145","リサーチコア","〒955-0092","新潟県三条市須頃","1-17","","2019-03-13 11:56:56","2019-03-13 11:56:56"
"151","新潟県立三条東高等学校","〒955-0053","新潟県三条市北入蔵","2-9-36","","2019-03-14 11:41:06","2022-03-31 08:34:33"
"158","駅南美容室","〒950-0911","新潟県新潟市中央区笹口","1丁目10-21","","2019-03-18 07:41:45","2019-03-18 07:41:45"
"160","下村邸","〒950-0923","新潟県新潟市中央区姥ケ山","2丁目27-17-1","","2019-03-18 07:44:52","2019-03-18 07:44:52"
"162","土田工業(株)","〒959-1273","新潟県燕市杉名","944","","2019-03-18 10:22:15","2019-03-18 10:22:15"
"165","らーめん潤上徐店","〒940-2033","新潟県長岡市上除町字甲野田","204-1","","2019-03-19 07:39:46","2019-03-19 07:39:46"
"167","小野塚隆蔵","〒959-1514","新潟県南蒲原郡田上町坂田","3","","2019-03-19 11:18:20","2019-03-19 11:18:20"
"170","渡邊邸(東新保)","〒955-0863","新潟県三条市東新保","18-24","","2019-03-20 13:32:28","2019-03-20 13:32:28"
"171","長岡LUVISM","〒940-2021","新潟県長岡市宮関","1丁目2番5号","リバーインビル1F","2019-03-20 13:56:59","2019-03-20 13:56:59"
"172","アーサスヘア燕三条店","〒959-1232","新潟県燕市井土巻","3-27","","2019-03-20 14:02:37","2019-03-20 14:02:37"
"183","アドラーブル万代店","〒950-0909","新潟県新潟市中央区八千代","2丁目4-28","","2019-03-25 08:06:58","2019-03-25 08:06:58"
"184","三条かわ波","〒955-0064","新潟県三条市横町","1丁目4番37号","","2019-03-25 10:24:17","2019-03-25 10:24:17"
"185","燕市高野邸","〒959-1262","新潟県燕市水道町","1丁目4041-15","","2019-03-26 07:41:41","2019-03-26 07:41:41"
"194","IZUMI","〒955-0071","新潟県三条市本町","2丁目2-22","寿ビル　1F","2019-03-27 07:42:31","2019-03-27 07:42:31"
"199","長岡大森様整骨院","〒940-2105","新潟県長岡市緑町","1-38-433","","2019-03-28 10:34:31","2019-03-28 10:34:31"
"211","廣川美装","〒950-1142","新潟県新潟市江南区楚川","甲445-4","","2019-04-02 08:55:14","2019-07-23 08:30:30"
"214","(株)廣川美装","〒950-1142","新潟県新潟市江南区楚川","甲445-4","","2019-04-04 07:41:53","2019-04-04 07:41:53"
"216","三条直江町倉庫","〒955-0832","新潟県三条市直江町","4丁目8-21","","2019-04-04 08:08:22","2019-04-04 08:08:22"
"221","ファラオ万代店","〒950-0088","新潟県新潟市中央区万代","1丁目1-25","ヴェルドミール万代　2F","2019-04-09 07:38:59","2021-06-26 07:53:26"
"223","(株)サンビルサービス","〒955-0033","新潟県三条市西大崎","1-15-14","","2019-04-10 07:42:06","2019-04-10 07:42:06"
"226","ビストロダイニングVG加茂店","〒959-1381","新潟県加茂市新栄町","1916-1","","2019-04-10 09:11:29","2019-04-10 09:11:29"
"229","手作りパン　クレール","〒950-0151","新潟県新潟市江南区亀田四ツ興野","2丁目5-2","","2019-04-12 08:48:25","2019-04-12 08:48:25"
"230","笑楽亭","〒954-0111","新潟県見附市今町","4丁目752-1","","2019-04-12 15:18:24","2019-04-12 15:18:24"
"232","前山スナック","","新潟県三条市本町","1丁目2-29","","2019-04-12 15:47:49","2019-04-12 15:47:49"
"243","アリエールグー","〒950-0932","新潟県新潟市中央区長潟","1203-1","","2019-04-18 07:38:59","2019-04-18 07:38:59"
"245","ライフタウン県央","〒955-0092","新潟県三条市須頃","1丁目地内","","2019-04-18 16:50:17","2019-04-18 16:50:17"
"255","マテリアルカフェ　イオンモール新潟南店","〒950-0150","新潟県新潟市江南区下早通柳田","1-1-1","イオンモール新潟南3F","2019-04-22 07:45:03","2019-04-22 07:45:03"
"257","新潟県立月ケ岡特別支援学校","〒955-0803","新潟県三条市月岡","4935","","2019-04-22 14:36:17","2019-04-22 14:36:17"
"260","みのわ上越店","","","","","2019-04-23 07:37:58","2019-04-23 07:37:58"
"261","阿賀野市　井上邸","〒959-2217","新潟県阿賀野市新保","181","","2019-04-23 08:41:02","2019-04-23 08:41:02"
"262","クロエ長岡旭岡店","〒940-0840","新潟県長岡市旭岡","2丁目97番地","ルージェス旭岡A-1","2019-04-24 07:44:09","2019-04-24 07:44:09"
"267","小須戸美容室","〒956-0101","新潟県新潟市秋葉区小須戸字町浦","3525-3","","2019-04-24 08:40:24","2019-04-24 08:40:24"
"268","燕三条駅観光物産センター","〒955-0093","新潟県三条市下須頃","502-3","JR燕三条駅2F","2019-04-24 09:30:55","2019-04-24 09:30:55"
"269","楽三楽水","〒959-1232","新潟県燕市井土巻","3丁目211","アパヴィラホテル燕三条駅前1F","2019-04-24 14:57:52","2019-04-24 14:57:52"
"277","麺屋坂本01新潟店","〒950-0086","新潟県新潟市中央区花園","1丁目7-10","ホテルリブマックス新潟駅前1F","2019-04-26 07:42:45","2019-04-26 07:42:45"
"280","サンモール東新町","〒940-0022","新潟県長岡市東新町","1丁目1-5","サンモール東新町","2019-04-26 10:03:29","2020-01-15 19:22:09"
"282","NIQ","〒950-0901","新潟県新潟市中央区弁天","2丁目4-19","","2019-04-26 20:13:55","2019-04-26 20:13:55"
"294","美容室プレシャス","〒955-0055","新潟県三条市塚野目","5丁目7-20","","2019-05-08 07:45:13","2019-05-08 07:45:13"
"296","自社","","","","","2019-05-08 08:12:25","2019-05-08 08:12:25"
"297","(株)カーテック新潟支店","〒950-1244","新潟県新潟市南区上塩俵","1911","","2019-05-08 09:02:23","2019-05-08 09:02:23"
"298","LUVISM長岡店","〒940-2021","新潟県長岡市宮関","1丁目2番5号","リバーインビル1F・2F","2019-05-08 10:53:12","2022-09-06 13:35:29"
"301","グリーンミナミ県庁前","〒950-0964","新潟県新潟市中央区網川原","1丁目2番15号","グリーンミナミ県庁前","2019-05-10 07:40:14","2019-05-10 07:40:14"
"304","ココカラファイン万代店","〒950-0088","新潟県新潟市中央区万代","1-3-10","新潟万代ビル1F2F","2019-05-14 08:19:46","2019-05-14 08:19:46"
"306","グラディス","〒950-0087","新潟県新潟市中央区東大通","1丁目2-11","肉昭ビル3F","2019-05-15 11:41:47","2019-05-15 11:41:47"
"317","らーめん一番星","〒959-1261","新潟県燕市秋葉町","1丁目2-29","","2019-05-21 08:17:54","2019-05-21 08:17:54"
"319","(株)Ｋ・ハートデザイン","〒955-0092","新潟県三条市須頃","3丁目119番地","","2019-05-21 08:22:02","2019-05-21 08:22:02"
"323","片岡邸(燕市)","〒959-1234","新潟県燕市南","3丁目3-6","","2019-05-22 07:41:40","2019-05-22 07:41:40"
"324","(株)コヅチ","〒955-0055","新潟県三条市塚野目","2-9-7","","2019-05-22 07:45:04","2019-05-22 07:45:04"
"330","ショー平","〒950-0901","新潟県新潟市中央区弁天","1丁目1-16","サンテラス石宮1F","2019-05-23 07:46:44","2019-05-23 07:46:44"
"340","EYELA新潟店","〒950-0088","新潟県新潟市中央区万代","1丁目3-10","新潟万代ビル3F","2019-05-25 07:49:21","2019-05-25 07:49:21"
"343","胡蝶","〒955-0071","新潟県三条市本町","2丁目2-28","","2019-05-28 07:29:51","2019-05-28 07:29:51"
"358","越前浜　渡辺邸","","","","","2019-05-31 09:57:11","2019-05-31 09:57:11"
"359","モスバーガー新潟黒埼店","〒950-1101","新潟県新潟市西区山田","2307","","2019-05-31 10:00:54","2019-05-31 10:00:54"
"360","物見山ダンススタジオ","〒950-0021","新潟県新潟市東区物見山","3-2-8","","2019-05-31 10:29:22","2019-05-31 10:29:22"
"361","本町魚屋","〒951-8067","新潟県新潟市中央区本町通","1105","","2019-05-31 10:36:03","2019-05-31 10:36:03"
"371","大桃邸","〒955-0813","新潟県三条市袋","417-1","","2019-06-05 13:41:59","2019-06-05 13:41:59"
"374","倉嶋邸","〒950-0000","新潟県新潟市北区すみれの","3-8-3-9","","2019-06-06 07:38:06","2019-06-06 07:38:06"
"379","Google渋谷ストリームオフィス","〒150-0002","東京都渋谷区渋谷","3丁目21-3","渋谷ストリーム","2019-06-12 07:43:03","2019-06-12 07:43:03"
"385","(株)タケダ","〒959-1201","新潟県燕市灰方","332","","2019-06-14 15:08:45","2019-06-14 15:08:45"
"386","にいつクリニック","〒956-0031","新潟県新潟市秋葉区新津字山谷北","5149番","","2019-06-14 15:11:55","2019-06-14 15:11:55"
"387","グラムール","〒950-0909","新潟県新潟市中央区八千代","2丁目1-1","万代シティ第二駐車場ビル1F","2019-06-14 15:14:41","2019-06-14 15:14:41"
"393","ツインスマイルクリニック","〒957-0055","新潟県新発田市諏訪町","1丁目2-11","イクネス新発田MINTO館2F","2019-06-18 07:38:27","2019-06-18 07:38:27"
"395","三条市荒井提","","","","","2019-06-18 07:41:48","2019-06-18 07:41:48"
"398","マテリアルカフェ　万代店","〒950-0088","新潟県新潟市中央区万代","1丁目6-1","万代シティバスセンター2階","2019-06-18 07:48:16","2019-06-18 07:48:16"
"401","やすらぎ提","","","","やすらぎ提","2019-06-18 08:22:19","2021-05-19 09:00:47"
"402","豪快やきとりさごっちゃん","","","","","2019-06-18 20:03:40","2019-06-18 20:03:40"
"405","ことこと","〒950-0872","新潟県新潟市東区牡丹山","","","2019-06-19 10:34:01","2019-06-19 10:34:01"
"406","東三条ハイツ","〒955-0047","新潟県三条市東三条","1丁目15-3","","2019-06-19 11:10:38","2019-06-19 11:10:38"
"413","伊藤邸(中央区笹口)","〒950-0911","新潟県新潟市中央区笹口","3丁目11-14","","2019-06-21 08:32:45","2019-06-21 08:32:45"
"414","日本海庄や燕三条店","〒955-0092","新潟県三条市須頃","2丁目115","コンフォートホテル燕三条1F","2019-06-21 08:46:52","2019-06-21 08:46:52"
"425","柳場新田倉庫","〒955-0003","新潟県三条市柳場新田","","","2019-06-24 08:04:46","2019-06-24 08:04:46"
"426","マルナオ青山ショップ","〒150-0001","東京都渋谷区神宮前","5丁目47-13","2F","2019-06-24 08:33:00","2019-07-18 10:11:07"
"434","モスバーガー新潟河渡店","〒950-0016","新潟県新潟市東区河渡本町","22-59","","2019-06-26 13:45:18","2019-06-26 13:45:31"
"441","KITCHEN　RYOMA西イオン店","〒950-2028","新潟県新潟市西区小新南","2丁目1-10","西イオン1Fフードコート内","2019-06-28 07:43:22","2019-06-28 07:43:22"
"443","内田邸","〒951-8121","新潟県新潟市中央区水道町","2-808-120","","2019-06-28 08:18:29","2021-06-09 14:10:25"
"444","スプレーザ三条","〒955-0056","新潟県三条市嘉坪川","1丁目31-15","","2019-06-28 08:22:56","2019-06-28 08:22:56"
"454","がっつり食堂ドカメン","〒950-0908","新潟県新潟市中央区幸西","2丁目1-5","","2019-07-01 16:45:03","2019-07-01 16:45:03"
"461","地蔵堂薬局","〒959-0129","新潟県燕市地蔵堂本町","3-4-6","","2019-07-03 07:47:23","2019-07-03 07:47:23"
"469","ヘアーオブシエスタ","〒953-0041","新潟県新潟市西蒲区巻甲","4163-1","","2019-07-04 19:17:54","2019-07-04 19:17:54"
"477","分水薬局","〒959-0129","新潟県燕市地蔵堂本町","3-4-6","","2019-07-09 10:41:39","2019-07-09 10:41:39"
"486","プライムカーズ","〒950-0801","新潟県新潟市東区津島屋","7-19","","2019-07-16 18:41:33","2019-07-16 18:41:33"
"490","馬場　徳偉","〒955-0033","新潟県三条市西大崎","3-10-10","","2019-07-17 12:04:11","2019-07-17 12:04:11"
"491","岡戸　一徳","〒955-0041","新潟県三条市三竹","2-15-15","","2019-07-17 13:28:43","2019-07-17 13:28:43"
"496","長岡市宝　中古住宅","〒940-0016","新潟県長岡市宝","4丁目3-14","","2019-07-18 17:05:53","2019-07-18 17:05:53"
"497","スナック莉音","","","","","2019-07-20 11:50:03","2019-07-20 11:50:03"
"503","マルタケビル","〒950-0087","新潟県新潟市中央区東大通","1丁目4-1","マルタケビル　8F","2019-07-23 10:31:48","2019-07-23 10:31:48"
"511","坪谷邸","〒959-1355","新潟県加茂市若宮町","2丁目4-4","","2019-07-29 07:32:38","2019-07-29 07:32:38"
"514","ルクール上所店","〒950-0994","新潟県新潟市中央区上所","3丁目10-65","イオンスタイル上所店敷地内","2019-07-30 10:00:47","2019-07-30 10:00:47"
"515","チェルシーガーデン","〒955-0071","新潟県三条市本町","2丁目","","2019-07-30 14:55:07","2019-07-30 14:55:07"
"516","麺処清水はなみずき店","〒950-0893","新潟県新潟市東区はなみずき","2丁目10-25","","2019-07-30 15:10:11","2019-07-30 15:10:11"
"517","寺尾　池様","〒950-2064","新潟県新潟市西区寺尾西","3丁目11-3","","2019-07-30 18:16:32","2019-07-30 18:16:32"
"523","キンヤ","〒950-0901","新潟県新潟市中央区弁天","2丁目4-1","","2019-07-31 10:23:22","2019-07-31 10:23:22"
"535","ガビーヘアルーブ","〒956-0864","新潟県新潟市秋葉区新津本町","4丁目6-22","1階","2019-08-07 07:50:07","2019-08-07 07:51:36"
"537","焼ＮＩＱ","〒950-0086","新潟県新潟市中央区花園","1丁目6-11","GEO花園　1F","2019-08-07 07:55:05","2019-08-07 07:55:05"
"547","ペットショップ　アミーゴ","","新潟県新潟市中央区紫竹山","5丁目1-20","","2019-08-16 09:39:38","2019-08-16 09:39:38"
"549","西区坂井東　布施様","〒950-2041","新潟県新潟市西区坂井東","2-11-11","","2019-08-16 11:12:14","2019-08-16 11:12:14"
"553","りとるたうん","〒955-0046","新潟県三条市興野","2丁目2-58","りとるたうん","2019-08-19 19:32:44","2019-08-19 19:32:44"
"563","青海ショッピングセンター","〒951-8067","新潟県新潟市中央区本町通","1114","青海ショッピングセンター","2019-08-22 18:41:32","2019-08-22 18:41:32"
"565","海鮮居酒屋かがり","〒951-8063","新潟県新潟市中央区古町通","8番町1499-2","","2019-08-22 18:54:42","2019-11-23 16:45:10"
"580","共栄堂薬局","〒956-0031","新潟県新潟市秋葉区新津","","","2019-08-27 15:30:54","2019-08-27 15:32:18"
"581","さわやか美容室","〒955-0081","新潟県三条市東裏館","1丁目1-57","","2019-08-27 16:35:05","2019-08-27 16:35:05"
"582","上所マンション","〒950-0994","新潟県新潟市中央区上所","1-12","上所マンション　B731号室","2019-08-27 16:45:29","2019-08-27 16:45:29"
"583","(株)ブルーオーシャン","〒955-0823","新潟県三条市東本成寺","","","2019-08-27 17:01:08","2019-08-27 17:01:08"
"584","ビルボードプレイス2","〒950-0909","新潟県新潟市中央区八千代","2丁目5-7","ビルボードプレイス2　2F","2019-08-27 18:06:46","2019-08-27 18:06:46"
"601","らーめん鯉次","〒955-0047","新潟県三条市東三条","2丁目4-6","","2019-09-02 16:54:54","2019-09-02 16:54:54"
"606","居酒屋てっちゅう","〒950-0871","新潟県新潟市東区山木戸","6丁目1-4","","2019-09-03 07:46:27","2019-09-03 07:46:27"
"608","N医院","〒951-8062","新潟県新潟市中央区西堀前通","721","","2019-09-03 10:01:17","2019-09-03 10:01:17"
"618","金子板金","〒955-0003","新潟県三条市柳場新田","403","","2019-09-06 14:53:08","2019-09-06 14:53:08"
"619","旧カリス","〒955-0071","新潟県三条市本町","2-13-18","石川ビル　1F","2019-09-06 16:18:00","2019-09-06 16:18:00"
"620","花乃亜","〒955-0071","新潟県三条市本町","2丁目3-23","ACCESS ALLEY　2F","2019-09-06 16:53:24","2019-09-06 16:53:24"
"627","エクセレント上大川前通","〒951-8068","新潟県新潟市中央区上大川前通","七番町1166","","2019-09-10 18:49:34","2019-09-10 18:49:34"
"632","モスバーガー新発田店","〒957-0065","新潟県新発田市舟入町","3丁目4-8","","2019-09-13 16:18:03","2019-09-13 16:18:03"
"638","一番星","〒955-0071","新潟県三条市本町","2丁目4-10","カネシメビル2F","2019-09-14 07:41:22","2019-09-14 07:41:22"
"641","キタ設備","","新潟県新潟市東区空港西","2-9-15","","2019-09-17 07:36:17","2019-09-17 07:36:17"
"645","パリミキ　イオン白根店","〒950-1213","新潟県新潟市南区能登","409-2","イオン白根店1F","2019-09-18 17:27:57","2019-09-18 17:27:57"
"673","大島邸","〒954-0000","新潟県見附市","","","2019-09-27 08:30:11","2019-09-27 08:30:11"
"674","万代Cafe","〒950-0088","新潟県新潟市中央区万代","1-3-1","万代シネモールビル2F","2019-09-27 17:32:32","2019-09-27 17:32:32"
"683","キャロル美容室","〒959-1234","新潟県燕市南","7丁目6343-3","","2019-10-01 07:33:07","2019-10-01 07:33:07"
"686","ヘアサロンLa-楽髪","〒957-0103","新潟県北蒲原郡聖籠町網代浜","865-2","","2019-10-01 07:38:58","2019-10-01 07:38:58"
"688","モスバーガー黒埼PA上り店","〒950-1121","新潟県新潟市西区板井","1807","黒埼PA内","2019-10-01 07:41:36","2019-12-21 16:26:59"
"694","かつや新潟出来島店","〒950-0962","新潟県新潟市中央区出来島","2丁目285番1","","2019-10-03 09:12:50","2019-10-03 09:12:50"
"698","金子　秀和","〒955-0093","新潟県三条市下須頃","1141","","2019-10-04 07:39:59","2019-10-04 07:39:59"
"701","ぜんてい亀田店","〒950-0156","新潟県新潟市江南区早苗","2丁目1-46","","2019-10-05 08:21:06","2019-10-05 08:21:06"
"705","ダムズ新発田店","〒957-0011","新潟県新発田市島潟","280-1","","2019-10-07 16:31:13","2019-10-07 16:31:13"
"706","ダムズ県央店","〒959-1232","新潟県燕市井土巻","土手外1793-1","","2019-10-07 16:32:54","2019-10-07 16:32:54"
"711","第一ビル","〒950-0087","新潟県新潟市中央区東大通","１丁目7-1","第一ビル5F","2019-10-09 07:31:51","2019-10-09 07:31:51"
"713","クロエ新発田店","〒957-0065","新潟県新発田市舟入町","2丁目4-26","","2019-10-09 08:07:37","2019-10-09 08:07:37"
"714","加茂　中原邸","","","","","2019-10-09 11:37:16","2019-10-09 11:37:16"
"724","中原　尚彦","〒959-1311","新潟県加茂市加茂新田","6290番地","","2019-10-11 07:40:48","2019-10-11 07:40:48"
"736","Bar Mau","〒951-8063","新潟県新潟市中央区古町通","8-1505-5","2F","2019-10-16 07:31:47","2019-10-16 07:31:47"
"743","村将軍　本店","〒959-1371","新潟県加茂市穀町","8-5","","2019-10-17 10:00:01","2019-10-17 10:00:01"
"745","日本文理高校","〒950-2035","新潟県新潟市西区新通","1072","","2019-10-17 19:57:48","2019-10-17 19:57:48"
"760","木戸・有本司法書士事務所","〒955-0081","新潟県三条市東裏館","2丁目19-13","","2019-10-22 11:00:00","2019-10-22 11:00:00"
"766","ZARA　ラブラ新潟店","〒950-0088","新潟県新潟市中央区万代","1丁目4-8","LoveLa2　2F","2019-10-24 16:49:59","2019-10-24 16:49:59"
"806","炭とん","〒950-0087","新潟県新潟市中央区東大通","1丁目5-27","新潟セーヌビル1F","2019-11-06 11:08:50","2019-11-06 11:08:50"
"807","若旦那駅南店","〒950-0916","新潟県新潟市中央区米山","1丁目9-3","鈴木ビル1F","2019-11-06 11:15:10","2019-11-06 11:15:10"
"808","若旦那長岡駅前店","〒940-0062","新潟県長岡市大手通","1丁目3-2","","2019-11-06 11:31:30","2019-11-06 11:31:30"
"809","若旦那駅前店","〒950-0086","新潟県新潟市中央区花園","1丁目5-9","ベロウ花園1F","2019-11-06 11:35:35","2019-11-06 11:35:35"
"810","徳茶駅南店","","","","新潟駅南口","2019-11-06 11:49:21","2019-11-06 11:49:21"
"811","Station(スタシオン)","〒940-0061","新潟県長岡市城内町","2-6-21","高木ビル1F","2019-11-06 17:46:16","2019-11-06 17:46:16"
"822","志田邸","〒959-1326","新潟県加茂市青海町","2丁目5-4","","2019-11-08 18:58:31","2019-11-08 18:58:31"
"823","北四日町　荒木邸","〒955-0853","新潟県三条市北四日町","106","","2019-11-09 16:14:22","2019-11-09 16:14:22"
"828","ドカメン柏崎店","〒945-0034","新潟県柏崎市三和町","9-59","","2019-11-11 07:52:18","2019-11-11 07:52:18"
"830","FLOプレステージュパリ　CoCoLo長岡店","〒940-0061","新潟県長岡市城内町","1丁目611-1","CoCoLo長岡店1F","2019-11-11 20:06:51","2019-11-11 20:06:51"
"836","直江町　志賀様","〒955-0832","新潟県三条市直江町","4丁目11-16-1","","2019-11-11 20:10:59","2019-11-11 20:10:59"
"838","丹羽医院","〒951-8062","新潟県新潟市中央区西堀前通","721","","2019-11-12 08:52:58","2019-11-12 08:52:58"
"842","渡辺鮮魚店","〒951-8067","新潟県新潟市中央区本町通","1105","","2019-11-13 17:32:40","2019-11-13 17:32:40"
"855","モスバーガー柏崎店","〒945-0031","新潟県柏崎市新田畑","1-289-1","","2019-11-19 11:37:31","2019-11-19 11:37:31"
"856","ハイツ月岡","〒955-0808","新潟県三条市新保","355-1","","2019-11-19 17:26:02","2019-11-19 17:26:02"
"863","王風珍","〒959-0222","新潟県燕市下粟生津","2955-2","","2019-11-21 14:06:20","2019-11-21 14:06:20"
"867","希望の庵　良寛","〒956-0854","新潟県新潟市秋葉区滝谷町","4-26","ささえ愛よろずケアタウン","2019-11-21 16:42:41","2021-02-08 10:53:25"
"886","岡本邸","〒940-2105","新潟県長岡市緑町","1丁目38-100","","2019-11-27 07:41:52","2022-06-24 10:47:48"
"898","旧ローソン東三条店","〒955-0047","新潟県三条市東三条","2-19-5","","2019-12-01 07:59:05","2019-12-01 07:59:05"
"904","燕市　池内邸","","","","","2019-12-02 17:59:20","2019-12-02 17:59:20"
"905","須頃アパート","","","","","2019-12-02 18:00:51","2019-12-02 18:00:51"
"932","串焼酒場トリマル","","","","","2019-12-11 17:56:55","2019-12-11 17:56:55"
"933","WORLD","〒950-0087","新潟県新潟市中央区東大通","1丁目6-28-5","2F","2019-12-11 17:57:54","2020-01-28 16:37:07"
"937","イデアル本社","〒950-0087","新潟県新潟市中央区東大通","2-3-25","山長ビル　3F","2019-12-12 18:44:52","2019-12-12 18:44:52"
"968","ファルツェコラージオＡ","〒955-0092","新潟県三条市須頃","2丁目105","ファルツェコラージオＡ　２階","2019-12-19 11:27:47","2019-12-19 11:27:47"
"976","井かり(旧しゃがら)","〒955-0046","新潟県三条市興野","2-16-18","","2019-12-24 08:03:54","2019-12-24 08:03:54"
"977","膳亭西加茂店","〒959-1384","新潟県加茂市寿町","1536-9","","2019-12-24 08:06:43","2019-12-24 08:06:43"
"988","かつや新潟県庁前店","〒950-0962","新潟県新潟市中央区出来島","2-1-5","","2019-12-26 17:02:24","2019-12-26 17:02:24"
"1008","東鱈田住宅","〒955-0816","新潟県三条市東鱈田","74-7","","2020-01-08 14:16:11","2020-01-08 14:16:11"
"1012","雷電","〒959-1381","新潟県加茂市新栄町","11-7","","2020-01-09 11:03:42","2020-01-09 11:03:42"
"1013","東三条　山田邸","〒955-0047","新潟県三条市東三条","1丁目21-8-3","","2020-01-09 14:38:09","2020-01-09 14:38:09"
"1014","奥田皮膚科","〒955-0051","新潟県三条市鶴田","2丁目1-15","","2020-01-09 18:15:18","2020-01-09 18:15:18"
"1027","井手口歯科クリニック","〒959-1289","新潟県燕市東太田","7047-1","","2020-01-14 07:41:48","2020-01-14 07:41:48"
"1034","CLUBかりん","〒955-0071","新潟県三条市本町","2丁目2-31","峯村ビル1　2F","2020-01-15 18:55:27","2020-01-15 18:55:27"
"1036","山崎様五泉整骨院","","新潟県五泉市","","","2020-01-15 19:25:41","2020-01-15 19:25:41"
"1037","アテンドビル","〒950-0912","新潟県新潟市中央区南笹口","1丁目1-50","アテンドビル","2020-01-15 19:53:03","2020-01-15 19:53:03"
"1040","燕洋菓子店","〒959-1263","新潟県燕市大曲","385","","2020-01-16 09:45:14","2020-01-16 09:45:14"
"1057","小川屋","〒959-1232","新潟県燕市井土巻","3丁目209","","2020-01-20 09:20:56","2020-01-20 09:20:56"
"1058","スナックきらら","〒959-1371","新潟県加茂市穀町","5-14","","2020-01-20 14:32:44","2020-01-20 14:32:44"
"1059","燕市美容室","〒959-1233","新潟県燕市殿島","2丁目8番6号","","2020-01-20 17:59:38","2020-01-20 17:59:38"
"1065","赤塚邸","〒959-2402","新潟県新発田市小島","62-1","","2020-01-21 08:25:50","2020-01-21 08:25:50"
"1069","三栄実業","","","","","2020-01-22 16:46:13","2020-01-22 16:46:13"
"1076","LUVISM名古屋店","〒450-0002","愛知県名古屋市中村区名駅","4丁目13-5","トラスト名駅ビル　2F","2020-01-23 15:43:46","2020-01-23 15:43:46"
"1077","ミニクラブ彩里","〒955-0071","新潟県三条市本町","2丁目2-22","寿ビル","2020-01-23 19:19:43","2022-01-20 19:48:41"
"1091","焼鳥酒場トリマル","〒950-0087","新潟県新潟市中央区東大通","1丁目6-28-5","1F","2020-01-28 16:35:34","2020-01-28 16:37:23"
"1099","団欒炎　新潟駅前店","〒950-0901","新潟県新潟市中央区弁天","1丁目1-26","オセオ弁天ビル3F","2020-01-31 17:11:22","2020-01-31 17:11:22"
"1119","クラフトハートトーカイ燕三条店","〒959-1232","新潟県燕市井土巻","5-147","","2020-02-08 10:03:23","2020-02-08 10:03:23"
"1120","酒麺亭潤燕総本店","〒959-1226","新潟県燕市小牧","464-12","","2020-02-08 10:07:59","2020-02-08 10:07:59"
"1121","マリスコ","〒950-0086","新潟県新潟市中央区花園","1丁目2-2","コープシティ花園2F","2020-02-08 10:10:22","2020-02-08 10:10:22"
"1122","JOYSOUND新潟駅前店","〒950-0901","新潟県新潟市中央区弁天","1丁目4-29","IMAビル4F","2020-02-08 10:13:17","2020-02-08 10:13:17"
"1146","五郎古町店","〒951-8063","新潟県新潟市中央区古町通","8番町1446-3","","2020-02-14 17:24:42","2020-02-14 17:24:42"
"1149","アズサ","","","","","2020-02-14 17:50:52","2020-02-14 17:51:14"
"1152","燕市　関川邸","〒959-1251","新潟県燕市白山町","1丁目","","2020-02-15 08:02:12","2020-02-15 08:03:40"
"1156","パチンコ店　夢一番","〒945-0025","新潟県柏崎市柳田町","24-1","","2020-02-18 07:45:57","2020-02-18 07:45:57"
"1159","パブリックスタンド新潟駅前店","〒950-0901","新潟県新潟市中央区弁天","1丁目2-15","弁天INGビル1F","2020-02-18 18:05:20","2020-02-18 18:05:20"
"1163","コマツカスタマーサポート(株)三条営業所","〒959-1136","新潟県三条市川通中町","483","","2020-02-19 18:00:27","2020-02-19 18:00:27"
"1174","旧からあげハリウッド新潟店","〒950-0853","新潟県新潟市東区東明","1丁目9-5","","2020-02-22 11:25:32","2020-02-22 11:25:32"
"1179","秋葉区　安中邸","〒956-0024","新潟県新潟市秋葉区山谷町","2丁目8-12","","2020-02-22 17:58:37","2020-02-22 17:58:37"
"1187","(株)ミナシア　新潟営業所","〒959-1276","新潟県燕市小池","3633-2","","2020-02-27 18:05:36","2020-02-27 18:05:36"
"1188","小形　剛央","〒950-0168","新潟県新潟市江南区早通","5丁目3-13","","2020-02-27 18:30:02","2020-02-27 18:30:02"
"1193","シャレルランデヴー","〒950-0087","新潟県新潟市中央区東大通","1丁目4-1","マルタケビル　8F","2020-02-28 15:22:32","2020-02-28 15:22:32"
"1194","焼き鳥　梅軒","〒955-0071","新潟県三条市本町","2-3-15","ファインビル30　1F-2","2020-03-02 14:29:53","2020-03-02 14:29:53"
"1195","加茂市　北澤邸","〒959-1333","新潟県加茂市八幡","1-11-10","","2020-03-02 16:05:20","2020-03-02 16:05:20"
"1197","五泉市　山崎整骨院","〒959-1805","新潟県五泉市船越","1-4","1F","2020-03-02 17:43:51","2020-03-02 17:43:51"
"1206","モスバーガー新潟駅店","〒950-0086","新潟県新潟市中央区花園","1丁目1-21","CoCoLo新潟　南館3F","2020-03-07 07:51:20","2020-03-07 07:51:20"
"1249","あかり整骨院","〒955-0845","新潟県三条市西本成寺","2丁目4-14","NKタウンノースA","2020-03-16 18:27:07","2020-03-16 18:27:07"
"1257","モスバーガー三条店","〒955-0083","新潟県三条市荒町","2丁目23-386-1","","2020-03-18 11:05:44","2020-03-18 11:05:44"
"1275","モスバーガーとやの球場前店","〒950-0948","新潟県新潟市中央区女池南","1丁目8-5","","2020-03-25 07:44:32","2020-03-25 07:44:32"
"1287","DAMZ県央店","〒959-1232","新潟県燕市井土巻","1793-1","","2020-03-27 18:09:51","2020-03-27 18:09:51"
"1313","駅前キャバクラ","〒950-0087","新潟県新潟市中央区東大通","1-5-27","新潟セーヌビル4F","2020-04-02 19:26:50","2020-04-02 19:26:50"
"1315","ラーメン亭　孔明","〒950-0925","新潟県新潟市中央区弁天橋通","2丁目5-7","","2020-04-02 19:29:47","2020-04-02 19:29:47"
"1325","ここ屋跡地ビル","〒950-0087","新潟県新潟市中央区東大通","1-5-6","","2020-04-06 18:31:50","2020-04-06 18:31:50"
"1330","アーサスヘア長岡店","","","","","2020-04-07 08:43:27","2020-04-07 08:43:27"
"1335","坂井様テナント","〒950-0087","新潟県新潟市中央区東大通","1丁目6番地9号","","2020-04-08 11:54:21","2020-04-08 11:55:33"
"1336","西区五十嵐Cafe","〒950-2162","新潟県新潟市西区五十嵐中島","5丁目2-40","","2020-04-08 16:39:29","2020-04-08 16:39:29"
"1342","新潟セーヌビル4F","〒950-0087","新潟県新潟市中央区東大通","1-5-27","新潟セーヌビル4F","2020-04-10 07:36:07","2020-04-10 07:36:07"
"1348","万代デンタルクリニック","〒950-0909","新潟県新潟市中央区八千代","2丁目4-28","","2020-04-13 07:59:13","2020-04-13 07:59:13"
"1349","長岡三和NMI薬局","〒940-1161","新潟県長岡市左近","3丁目","","2020-04-13 10:25:07","2020-06-06 08:04:59"
"1350","燕市　星野様邸","〒959-1200","新潟県燕市","","","2020-04-13 17:21:32","2020-04-13 17:21:32"
"1356","五郎万代店","〒950-0087","新潟県新潟市中央区東大通","2丁目3-15","2F","2020-04-14 10:13:23","2020-04-14 10:13:23"
"1360","美容室AQUA","〒950-2022","新潟県新潟市西区小針","5丁目3-15","","2020-04-15 07:42:28","2020-04-15 07:42:28"
"1362","らーめん流れ星","〒959-1261","新潟県燕市秋葉町","1丁目2-29","","2020-04-15 17:15:34","2020-04-15 17:15:34"
"1365","函太郎　新潟西区五十嵐店","〒950-2101","新潟県新潟市西区五十嵐一の町","6786番2","","2020-04-16 08:42:52","2020-04-16 08:42:52"
"1366","らーめん潤三条店","〒955-0046","新潟県三条市興野","1丁目16-20","","2020-04-16 18:02:50","2020-04-16 18:02:50"
"1375","燕市　小林美容室","〒959-1233","新潟県燕市殿島","2丁目8番6号","","2020-04-17 17:33:55","2020-04-17 17:33:55"
"1378","米山5丁目アパート","〒950-0916","新潟県新潟市中央区米山","5丁目","","2020-04-20 17:01:30","2020-04-20 17:01:54"
"1385","アホうどり","〒955-0066","新潟県三条市居島","1-21-1","","2020-04-22 07:46:02","2020-04-22 07:46:02"
"1425","三条市　石田邸","〒955-0071","新潟県三条市本町","4-4-15","","2020-05-13 08:38:49","2020-06-30 07:37:34"
"1433","渡辺久二(村将軍社長宅)","〒959-1321","新潟県加茂市希望ケ丘","2920-14","","2020-05-15 09:39:45","2020-05-15 09:39:45"
"1449","アンドカフェ","〒950-0901","新潟県新潟市中央区弁天","1-1-26","オセオ弁天ビル2F","2020-05-20 13:41:27","2020-05-20 13:41:27"
"1454","旧ここ屋ビル3F","〒950-0087","新潟県新潟市中央区東大通","1-5-6","旧ここ屋ビル","2020-05-22 17:56:29","2020-05-22 17:56:29"
"1455","旧ここ屋ビル1F","〒950-0087","新潟県新潟市中央区東大通","1-5-6","旧ここ屋ビル1F","2020-05-22 17:56:50","2020-05-22 17:56:50"
"1456","旧ここ屋ビル共用部","〒950-0087","新潟県新潟市中央区東大通","1-5-6","旧ここ屋ビル","2020-05-22 17:57:18","2020-05-22 17:57:18"
"1457","旧ここ屋ビル2F","〒950-0087","新潟県新潟市中央区東大通","1-5-6","旧ここ屋ビル2F","2020-05-22 17:58:53","2020-05-22 17:58:53"
"1467","ときわマンション202号室","〒951-8104","新潟県新潟市中央区西大畑町","下610","ときわマンション","2020-05-25 10:13:42","2020-05-25 10:13:42"
"1468","北入蔵住宅","〒955-0053","新潟県三条市北入蔵","","","2020-05-25 10:35:40","2020-05-25 10:35:40"
"1469","弥彦Cafe","〒959-0323","新潟県西蒲原郡弥彦村弥彦大字弥彦矢楯","3506-1他4筆","","2020-05-25 17:12:25","2021-02-26 11:25:03"
"1470","ファラオ長岡店","〒940-2106","新潟県長岡市古正寺","1-2-1","玉木フジビル3F","2020-05-25 17:47:10","2020-05-25 17:47:10"
"1473","新潟県立植物園","〒956-0845","新潟県新潟市秋葉区金津","186","","2020-05-25 19:04:48","2020-05-25 19:04:48"
"1476","中島歯科医院","〒940-1162","新潟県長岡市西宮内","2-33","","2020-05-26 15:54:07","2020-05-26 15:54:07"
"1479","西澤　憲雄　邸","","","","","2020-05-27 18:22:22","2020-05-27 18:22:22"
"1482","NMI南笹口薬局","〒950-0912","新潟県新潟市中央区南笹口","2丁目地内","","2020-05-28 10:42:40","2020-05-28 10:42:40"
"1485","みらいクリニック","〒950-0912","新潟県新潟市中央区南笹口","2丁目地内","","2020-05-29 16:22:29","2020-05-29 16:22:29"
"1494","ブロス新潟女池店","〒950-0945","新潟県新潟市中央区女池上山","1丁目15-23","","2020-06-02 16:46:42","2020-06-02 16:46:42"
"1495","ぜんてい新潟LEXN店","〒950-0917","新潟県新潟市中央区天神","1-12-7","LEXN1　1F","2020-06-02 17:41:58","2020-06-02 17:41:58"
"1496","天空の月","〒951-8062","新潟県新潟市中央区西堀前通八番町","1509-2","","2020-06-02 17:44:40","2020-06-02 17:44:40"
"1503","あきはクリニック","〒956-0031","新潟県新潟市秋葉区新津","5149-11","","2020-06-03 17:48:23","2020-06-03 17:48:23"
"1515","(株)ブリッジ","〒950-1142","新潟県新潟市江南区楚川","甲445-4","","2020-06-08 07:44:43","2020-06-08 07:44:43"
"1518","渡辺正夫","〒955-0044","新潟県三条市田島","2丁目7-20","","2020-06-08 07:48:16","2020-06-08 07:48:16"
"1520","MiiM物販店舗","〒951-8061","新潟県新潟市中央区西堀通","3-798","","2020-06-08 07:51:08","2020-06-08 07:51:08"
"1522","(株)ブリッジ(廣川美装)","〒950-1142","新潟県新潟市江南区楚川","甲445-4","","2020-06-08 08:44:12","2020-06-08 08:44:12"
"1527","(株)作新工業","〒956-0861","新潟県新潟市秋葉区北上","3丁目8-17","","2020-06-10 07:35:34","2020-06-10 07:35:34"
"1531","岩室　五十嵐博之","〒953-0125","新潟県新潟市西蒲区和納","2002-13","","2020-06-10 14:57:23","2020-06-10 14:57:23"
"1548","美容室シザーワークス","〒959-1232","新潟県燕市井土巻","4丁目211番5","","2020-06-16 10:59:31","2021-05-11 07:40:41"
"1550","東三条　坂井様宅","〒955-0047","新潟県三条市東三条","1丁目10番9-2号","","2020-06-16 11:02:17","2020-06-16 11:02:17"
"1561","ペッピーキッズクラブ巻教室","〒953-0041","新潟県新潟市西蒲区巻甲","4162-4","","2020-06-19 07:53:59","2020-06-19 07:53:59"
"1571","伊勢丹新潟店","〒950-0909","新潟県新潟市中央区八千代","1-6-1","伊勢丹新潟店3階","2020-06-22 11:01:22","2020-06-22 11:01:22"
"1575","ユートピアレジデンス","〒950-0908","新潟県新潟市中央区幸西","2-3-7","ユートピアレジデンス幸西1F","2020-06-23 15:11:47","2020-06-23 15:11:47"
"1576","アパマン情報館万代店","〒950-0088","新潟県新潟市中央区万代","1丁目1-32","プリオール万代2F","2020-06-23 16:58:27","2020-06-23 16:58:27"
"1577","優花","〒955-0071","新潟県三条市本町","2丁目2-27","","2020-06-23 17:20:45","2020-06-23 17:20:45"
"1578","スナック海","〒955-0071","新潟県三条市本町","2-2-27","","2020-06-23 17:25:19","2020-06-23 17:25:19"
"1579","カーファクトリーエンリッチ","〒959-0202","新潟県燕市佐渡","5295","","2020-06-23 17:34:00","2020-06-23 17:34:00"
"1603","パンとワインと三弥","〒950-0088","新潟県新潟市中央区万代","1丁目1-22","","2020-06-29 10:41:35","2020-06-29 10:41:35"
"1609","ブックマーケット・エーツー三条店","〒955-0091","新潟県三条市上須頃","350","","2020-06-30 07:42:11","2020-06-30 07:42:11"
"1611","古町WINE BAR","","","","","2020-06-30 07:47:26","2020-06-30 07:47:26"
"1632","ヘアサロンアカアカ","〒957-0063","新潟県新発田市新栄町","2丁目13-3-5","","2020-07-04 07:28:06","2020-07-04 07:28:06"
"1643","(株)エイブル","〒955-0033","新潟県三条市西大崎","1丁目10-7","","2020-07-06 11:57:07","2020-07-06 11:57:07"
"1644","OTOMO　Laughy","〒955-0808","新潟県三条市新保","232-1","","2020-07-06 17:49:39","2020-07-06 17:49:39"
"1664","新潟県立新潟南高等学校","〒950-0994","新潟県新潟市中央区上所","1-3-1","新潟県立新潟南高等学校","2020-07-09 18:25:35","2020-07-09 18:25:35"
"1679","grill bar臣","〒955-0071","新潟県三条市本町","2丁目2-25","1F","2020-07-13 07:15:30","2020-11-25 07:38:11"
"1685","イジルシ","〒950-0904","新潟県新潟市中央区水島町","11-10","","2020-07-15 16:18:53","2020-07-15 16:18:53"
"1694","グレイシーヘアデザイン","〒959-1811","新潟県五泉市三本木","2丁目5-38","","2020-07-17 07:56:26","2020-07-17 07:56:26"
"1696","スナック優樹","〒955-0071","新潟県三条市本町","2-3-21","ファインビル3　2F","2020-07-17 10:01:13","2020-07-17 10:01:13"
"1697","大衆焼肉Ｖ古町店","〒951-8065","新潟県新潟市中央区東堀通","9番町1407-3","","2020-07-18 11:46:59","2020-07-18 11:46:59"
"1704","(株)山谷産業","〒955-0053","新潟県三条市北入蔵","2丁目2番57号","","2020-07-20 19:36:19","2020-07-20 19:36:19"
"1712","白石ラーメン店","〒940-0833","新潟県長岡市笹崎","1-3-1","","2020-07-21 11:43:49","2020-12-18 07:52:27"
"1717","外山裕一邸","〒955-0843","新潟県三条市条南町","","","2020-07-22 18:03:07","2020-07-22 18:03:07"
"1731","美容室ハオ","〒950-0841","新潟県新潟市東区中野山","1丁目3-3","","2020-07-28 07:44:27","2020-07-28 07:44:27"
"1743","久保歯科医院","〒950-1235","新潟県新潟市南区高井興野","134-1","","2020-07-30 17:24:29","2020-07-30 17:24:29"
"1753","美容室エルミタージュシエル","〒950-0913","新潟県新潟市中央区鐙","3丁目7-14","","2020-08-01 11:32:17","2020-08-01 11:32:17"
"1757","エスプワール203","〒955-0092","新潟県三条市須頃","3丁目152番地","エスプワール","2020-08-03 07:38:33","2020-08-03 07:38:33"
"1761","餞心亭おゝ乃","〒955-0064","新潟県三条市横町","2丁目11-8","","2020-08-03 15:28:42","2020-08-03 15:28:42"
"1765","柏崎　金子様邸","〒945-0833","新潟県柏崎市若葉町","","","2020-08-04 15:39:34","2020-08-04 15:43:44"
"1769","青葉デンタルクリニック","〒955-0845","新潟県三条市西本成寺","1丁目24-25","","2020-08-05 10:59:11","2020-08-05 10:59:11"
"1782","肉バル横丁　新潟駅前店","〒950-0901","新潟県新潟市中央区弁天","1-2-11","INGビル2F","2020-08-07 07:43:23","2020-08-07 07:43:23"
"1785","ジェイパーク万代","〒950-0088","新潟県新潟市中央区万代","1-1-22","","2020-08-07 09:31:13","2020-08-07 09:31:13"
"1788","肉バル横丁　新潟けやき通り店","〒950-0916","新潟県新潟市中央区米山","2丁目2-9","INGビル2　1F　駅南ハイツ","2020-08-08 07:38:55","2020-08-08 07:38:55"
"1805","スナック蘭","〒955-0071","新潟県三条市本町","2丁目9-6","","2020-08-18 11:16:53","2020-08-18 11:16:53"
"1819","おでん処じゅんちゃん　西堀店","〒951-8062","新潟県新潟市中央区西堀前通","724-2","","2020-08-21 09:32:12","2020-08-21 09:32:12"
"1837","日本海ばん屋","〒955-0066","新潟県三条市居島","2-26-3","","2020-08-25 10:30:35","2020-08-25 10:30:35"
"1838","しまむら燕店","〒959-1289","新潟県燕市東太田","6968","","2020-08-25 13:58:14","2020-08-25 13:58:14"
"1852","寺泊マンション(アクアファースト)","〒940-2529","新潟県長岡市寺泊大和田","1205-1","アクアファースト","2020-08-28 07:34:04","2020-08-28 07:34:04"
"1854","ときわマンション202号室　鈴木様","〒951-8104","新潟県新潟市中央区西大畑町","下610","ときわマンション","2020-08-28 14:01:44","2020-08-28 14:01:44"
"1855","万代バスセンター","〒950-0088","新潟県新潟市中央区万代","1丁目6-1","","2020-08-28 14:06:09","2020-08-28 14:06:09"
"1856","(株)HBS","〒950-0853","新潟県新潟市東区東明","2丁目8-13","","2020-08-28 14:13:40","2020-08-28 14:13:40"
"1857","燕市吉田神田町　中古住宅","〒959-0241","新潟県燕市吉田神田町","17-10","","2020-08-28 14:31:33","2020-08-28 14:31:33"
"1877","リゼクリニック新潟院","〒951-8052","新潟県新潟市中央区下大川前通","7ノ町2230","メゾンソレイユ2F","2020-09-02 07:35:10","2020-09-02 07:35:10"
"1890","加茂市　高山邸","〒959-1314","新潟県加茂市番田","2-27","","2020-09-04 07:43:40","2020-09-04 07:52:37"
"1896","hair create Nalu","〒949-4302","新潟県三島郡出雲崎町井鼻","500","レストランDIO内","2020-09-05 08:52:03","2020-09-05 08:52:03"
"1900","加茂市　諸橋邸","〒959-1361","新潟県加茂市下条甲","48","","2020-09-08 07:33:28","2020-09-08 07:33:28"
"1903","(株)五十嵐工布","〒955-0055","新潟県三条市塚野目","2丁目9-7","","2020-09-08 07:36:30","2020-09-08 07:36:30"
"1907","まぐろ亭","〒950-0087","新潟県新潟市中央区東大通","1丁目6-29","共同ビル1階","2020-09-08 08:46:16","2020-09-08 08:46:16"
"1909","東区物見山　松本邸","〒950-0021","新潟県新潟市東区物見山","4丁目14-13","","2020-09-08 16:35:46","2020-09-08 16:35:46"
"1914","Anny洋菓子店","〒959-1263","新潟県燕市大曲","385","","2020-09-09 10:36:05","2020-09-09 10:36:05"
"1935","小柳建設(株)社員寮","〒959-1300","新潟県加茂市内","","","2020-09-15 13:21:24","2020-09-15 13:21:24"
"1940","山ス流通サービス(株)","〒940-2127","新潟県長岡市新産","3-6-8","","2020-09-16 10:53:25","2020-09-16 10:53:25"
"1941","加茂市　阿部邸","〒959-1300","新潟県加茂市内","","","2020-09-16 14:15:10","2020-09-16 14:15:26"
"1942","燕市　込山邸","〒959-1200","新潟県燕市内","","","2020-09-16 14:46:27","2020-09-16 14:46:27"
"1943","弥彦　斉藤様邸","〒959-0300","新潟県西蒲原郡弥彦村","","","2020-09-16 15:13:39","2020-09-16 15:13:39"
"1954","西裏館　斉藤様邸","〒955-0082","新潟県三条市西裏館","2-4-10","","2020-09-19 07:43:16","2020-09-19 07:43:16"
"1958","長岡市　大牛様","〒940-0041","新潟県長岡市学校町","3丁目10-9","","2020-09-23 09:24:42","2020-09-23 09:24:42"
"1959","アイム美容室","〒950-2162","新潟県新潟市西区五十嵐中島","4丁目22-9","","2020-09-23 17:04:00","2020-09-23 17:04:00"
"1967","栗田ビル","〒955-0071","新潟県三条市本町","2丁目2-25","","2020-09-25 15:01:51","2020-09-25 15:01:51"
"1970","東鱈田　上村邸","〒955-0816","新潟県三条市東鱈田","81-4","","2020-09-26 07:38:27","2020-09-26 07:38:27"
"1972","長岡ペットショップ","〒940-1154","新潟県長岡市宮栄","2-6-15","","2020-09-26 07:41:00","2020-09-26 07:41:00"
"1981","ペッピーキッズクラブ中野山教室","〒950-0843","新潟県新潟市東区粟山","1-21-25","","2020-10-01 11:55:58","2020-10-01 11:55:58"
"1990","オウルザベーカリー","〒956-0031","新潟県新潟市秋葉区新津","4450-1","","2020-10-06 07:41:45","2020-10-06 07:41:45"
"1997","燕市　南波邸","〒959-1252","新潟県燕市寿町","2-18-1","","2020-10-07 09:43:29","2020-10-07 09:43:29"
"1999","中新　丸山邸","〒955-0035","新潟県三条市中新","18-18","","2020-10-07 09:58:12","2020-10-07 09:58:12"
"2001","中新18-16　中古住宅","〒955-0035","新潟県三条市中新","18-16","","2020-10-07 10:00:58","2020-10-07 10:00:58"
"2004","中新17-4　中古住宅","〒955-0035","新潟県三条市中新","17-4","","2020-10-07 10:03:56","2020-10-07 10:03:56"
"2011","SUGARWEST","〒959-1200","新潟県燕市内","","","2020-10-08 07:46:52","2020-10-08 07:46:52"
"2013","燕市小高　戸建","〒959-1241","新潟県燕市小高","1134","","2020-10-08 08:19:24","2020-10-08 08:19:24"
"2017","加勢牧場ミルク工房","〒949-4505","新潟県長岡市根小屋","325","","2020-10-08 14:08:07","2020-10-08 14:08:07"
"2020","中新18-16(丸山邸)","〒955-0035","新潟県三条市中新","18-16","","2020-10-09 10:33:13","2020-10-09 10:33:13"
"2021","中新18-18　中古住宅","〒955-0035","新潟県三条市中新","18-18","","2020-10-09 10:34:23","2020-10-09 10:34:23"
"2035","THE BAR","〒950-0087","新潟県新潟市中央区東大通","1丁目7-1","第一ビル5F","2020-10-15 08:33:08","2020-10-15 08:33:08"
"2037","(株)タナカ","〒955-0024","新潟県三条市柳沢","466","","2020-10-15 09:09:29","2020-10-15 09:09:29"
"2038","JR東日本新潟支社6F","〒950-0086","新潟県新潟市中央区花園","1丁目1-1","6F","2020-10-15 09:32:38","2020-10-15 09:32:38"
"2045","RIGEL","〒951-8063","新潟県新潟市中央区古町通8番町","1447番地","三日月ビル2階","2020-10-16 09:18:49","2020-10-16 09:18:49"
"2046","ブルーライト三条店","〒955-0065","新潟県三条市旭町","2丁目5-22","","2020-10-16 11:11:36","2020-10-16 11:11:36"
"2050","CIRACASI","〒950-2162","新潟県新潟市西区五十嵐中島","5丁目2-40","","2020-10-17 10:27:06","2020-10-17 10:27:06"
"2051","鳥澤","〒950-0087","新潟県新潟市中央区東大通","1-5-6","旧ここ屋ビル2F","2020-10-17 11:13:53","2020-10-17 11:13:53"
"2056","プラーカ中村クリニック","〒950-0911","新潟県新潟市中央区笹口","1-1","プラーカ1　2F","2020-10-19 07:48:09","2020-10-19 07:48:09"
"2059","ペッピーキッズクラブ新津教室","〒956-0025","新潟県新潟市秋葉区古田","1丁目3-9","ポイントA　2階","2020-10-20 09:35:37","2020-10-20 09:35:37"
"2064","アトリエアニー","〒959-1232","新潟県燕市井土巻","3-30","ウエルタウンIV102号","2020-10-21 20:19:25","2020-10-21 20:19:25"
"2070","山崎春夫","〒955-0031","新潟県三条市松ノ木町","3-14","","2020-10-24 07:46:19","2020-10-24 07:46:19"
"2073","EYELA甲府店","〒409-3867","山梨県中巨摩郡昭和町清水新居","1665-1","","2020-10-24 08:36:02","2020-10-24 08:36:02"
"2086","ステーションプラザ新潟3号室","〒950-0087","新潟県新潟市中央区東大通","2丁目1-20","ステーションプラザ新潟　4F","2020-10-27 16:09:03","2020-10-27 16:09:03"
"2102","三条市桜木町　高橋邸","〒955-0844","新潟県三条市桜木町","15-17-1","","2020-10-31 09:35:47","2020-10-31 09:35:47"
"2108","そば処山河","〒955-0122","新潟県三条市大谷地","94-1","","2020-11-02 07:44:16","2020-11-02 07:44:16"
"2127","土田邸(ヒロタカ元会長)","〒955-0083","新潟県三条市荒町","2丁目22-3","","2020-11-05 07:43:50","2020-11-05 07:43:50"
"2132","燕市ドライフラワー店舗","〒959-1257","新潟県燕市宮町","6","","2020-11-06 11:05:47","2020-11-06 11:05:47"
"2146","加勢牧場ジェラート工場","〒949-4502","新潟県長岡市黒坂","615","","2020-11-10 15:11:59","2020-11-10 15:11:59"
"2147","タキヤ新発田店","〒959-2311","新潟県新発田市荒町","甲231-1","","2020-11-10 16:52:44","2020-11-10 16:52:44"
"2148","大丸総本店","〒955-0066","新潟県三条市居島","3-11","","2020-11-10 17:06:38","2020-11-10 17:06:38"
"2154","ブルーオーシャン","〒955-0823","新潟県三条市東本成寺","158番3","","2020-11-12 07:45:18","2020-11-12 07:45:18"
"2156","Bacara","〒955-0071","新潟県三条市本町","2-3-3","ファインビル8　1F","2020-11-12 13:53:34","2020-11-12 13:53:34"
"2171","ささえ愛よろずクリニック","〒956-0854","新潟県新潟市秋葉区滝谷町","4-20","","2020-11-16 14:44:03","2020-11-16 14:44:03"
"2176","新津眼科","〒956-0031","新潟県新潟市秋葉区新津","地内","","2020-11-17 08:44:22","2020-11-17 08:44:22"
"2181","健八","〒955-0055","新潟県三条市塚野目","3丁目7-25","","2020-11-18 07:41:36","2020-11-18 07:41:36"
"2183","燕市宮町店舗","〒959-1257","新潟県燕市宮町","6","","2020-11-18 07:45:26","2020-11-18 07:45:26"
"2186","阿賀野市笹岡別荘","〒959-1918","新潟県阿賀野市笹岡","地内","","2020-11-18 15:35:53","2020-11-18 15:35:53"
"2203","とりこう県央店","〒959-1232","新潟県燕市井土巻","2-352","","2020-11-21 10:07:05","2020-11-21 10:07:05"
"2221","三条市吉田　高野様","〒955-0805","新潟県三条市吉田","373","","2020-11-28 07:31:51","2020-11-28 07:31:51"
"2226","マイレスミット","〒955-0065","新潟県三条市旭町","1丁目7-20","","2020-11-28 09:22:38","2020-11-28 09:22:38"
"2227","(有)ケーエスファーム","〒949-4505","新潟県長岡市根小屋","","","2020-11-28 11:30:35","2020-11-28 11:30:35"
"2228","栗林　藤田邸","〒955-0085","新潟県三条市栗林","1622-5","","2020-11-28 14:12:27","2020-11-28 14:12:27"
"2245","西裏館　品川邸","〒955-0082","新潟県三条市西裏館","3-4-16-3","","2020-12-01 10:27:38","2020-12-01 10:27:38"
"2262","にいがた南蒲　北営農センター","〒959-1387","新潟県加茂市高須町","2丁目","","2020-12-04 14:08:26","2020-12-04 14:08:26"
"2271","池田会計事務所","〒950-2003","新潟県新潟市西区東青山","1丁目4-2","","2020-12-06 07:36:28","2020-12-06 07:36:50"
"2274","NEO三条店","〒955-0055","新潟県三条市塚野目","2丁目3-21","","2020-12-08 07:36:34","2020-12-08 07:36:34"
"2279","川内様　別荘","〒959-1918","新潟県阿賀野市笹岡","地内","","2020-12-08 11:03:38","2020-12-08 11:03:38"
"2291","桜木町英語教室","〒955-0844","新潟県三条市桜木町","1丁目30","ベルテージ1号室","2020-12-10 16:13:04","2020-12-10 16:13:04"
"2306","古町古着屋","〒951-8063","新潟県新潟市中央区古町通","4-638-2","1F","2020-12-15 07:36:58","2023-08-26 07:31:45"
"2313","水野内科クリニック","〒955-0803","新潟県三条市月岡","1丁目23番48号","","2020-12-15 15:36:57","2020-12-15 15:36:57"
"2325","動物病院ねこのて","〒950-2121","新潟県新潟市西区槇尾","170-2","","2020-12-17 07:37:53","2020-12-17 07:37:53"
"2329","Club RAVENNA","〒955-0071","新潟県三条市本町","2-3-18","石川ビル　1F","2020-12-18 07:43:30","2020-12-18 07:43:30"
"2337","エコール国際ネットワーク","〒955-0046","新潟県三条市興野","2丁目2-58","りとるたうんA2-1","2020-12-19 18:04:17","2023-08-07 10:49:58"
"2356","ミートソースさとう","〒950-0087","新潟県新潟市中央区東大通","2丁目2-9","","2020-12-24 07:50:28","2020-12-24 07:50:28"
"2385","串diningなると","〒955-0091","新潟県三条市上須頃","789-1","","2021-01-04 10:31:40","2021-01-04 10:31:40"
"2394","医学町カフェ","〒951-8124","新潟県新潟市中央区医学町通","2番町74-3","バンビル2F","2021-01-07 07:47:16","2021-01-07 07:47:16"
"2397","メゾンエミール","〒955-0046","新潟県三条市興野","3丁目14-35","","2021-01-07 09:33:02","2021-01-07 09:33:02"
"2398","GC栄町工場","〒959-1106","新潟県三条市吉野屋","245-1","","2021-01-07 10:28:58","2021-01-07 10:28:58"
"2399","カラオケ桃源郷","〒950-0156","新潟県新潟市江南区早苗","2丁目2-35","","2021-01-08 07:37:43","2021-01-08 07:37:43"
"2407","西潟13班　消雪組合","〒955-0014","新潟県三条市西潟","31-8","菅家秀典様宅　前","2021-01-12 08:31:03","2021-01-12 08:31:03"
"2409","石上　荒井邸","〒955-0084","新潟県三条市石上","2丁目15-3-1","","2021-01-12 16:16:57","2021-01-12 16:16:57"
"2417","美容室フェアリー","〒955-0084","新潟県三条市石上","3丁目17-37","","2021-01-13 17:35:10","2021-01-13 17:35:10"
"2422","美容室トリックオアトリート","〒959-0113","新潟県燕市笈ケ島","856-7","","2021-01-15 17:21:49","2021-01-15 17:21:49"
"2442","加茂市　片岡邸","〒959-1353","新潟県加茂市五番町","3-20","","2021-01-20 18:54:12","2021-01-20 18:54:12"
"2457","鈴木孝男邸","〒950-0985","新潟県新潟市中央区和合町","3丁目3-1","","2021-01-25 17:52:55","2021-01-25 17:52:55"
"2468","旧シザーワークス","〒959-1232","新潟県燕市井土巻","4-209","","2021-01-28 08:45:19","2021-01-28 08:45:19"
"2479","韓国居酒屋(Flame Red)","〒950-0902","新潟県新潟市中央区南万代町","12-4","","2021-02-02 07:49:13","2021-02-02 07:49:13"
"2484","(株)タケダ　TAKEDA DESIGN PROJECT事業部","〒959-1286","新潟県燕市小関字江東","1551-1","","2021-02-03 09:16:21","2021-02-03 09:16:21"
"2487","EYELA所沢店","〒359-1123","埼玉県所沢市日吉町","9-23","3階B区画","2021-02-04 08:45:25","2021-02-04 08:45:25"
"2491","直江町","〒955-0832","新潟県三条市直江町","2-5-72","","2021-02-05 08:24:18","2021-02-05 08:24:18"
"2492","西大崎中古住宅","〒955-0033","新潟県三条市西大崎","1-12-12-5","","2021-02-05 08:25:21","2021-02-05 08:25:21"
"2505","くるくるリサイクル","〒950-0913","新潟県新潟市中央区鐙","3-4-37","","2021-02-09 10:12:19","2021-02-09 10:12:19"
"2506","松ノ木町中古住宅","〒955-0031","新潟県三条市松ノ木町","8-53","","2021-02-09 17:06:17","2021-02-09 17:06:17"
"2519","居酒屋地朗介","〒959-1141","新潟県三条市今井","125-1","","2021-02-15 07:39:46","2021-02-15 07:39:46"
"2521","寿司 割烹 酉乃井","〒955-0066","新潟県三条市居島","2-29","","2021-02-15 14:48:14","2021-02-15 14:48:14"
"2524","加茂市　高橋邸","〒959-1311","新潟県加茂市加茂新田","3901","","2021-02-15 15:13:20","2021-02-15 15:13:20"
"2536","長谷川邸","","","","","2021-02-19 07:47:58","2021-02-19 07:47:58"
"2541","オムニ技研(株)","〒940-2128","新潟県長岡市新産東町","48","","2021-02-20 07:37:05","2021-02-20 07:37:05"
"2543","押付　丸山邸","〒959-0425","新潟県新潟市西蒲区押付","801-3","","2021-02-20 07:39:33","2021-02-20 07:39:33"
"2554","ペッピーキッズクラブイオンモール新発田教室","〒957-0061","新潟県新発田市住吉町","5丁目11-5","イオンモール新発田2階","2021-02-24 09:06:43","2021-02-24 09:06:43"
"2555","大衆食堂　正広","〒955-0084","新潟県三条市石上","2丁目13-38","","2021-02-24 10:00:13","2021-02-24 10:00:13"
"2575","Bar Voice","〒950-0087","新潟市中央区東大通","1丁目6番2号","宝ビル2階","2021-02-27 17:16:59","2021-02-27 17:16:59"
"2587","ファラオ","〒959-1232","新潟県燕市井土巻","2丁目188-5","","2021-03-02 08:37:13","2021-03-02 08:37:13"
"2596","燕水道町住宅","〒959-1262","新潟県燕市水道町","4-14-12","","2021-03-04 16:07:33","2021-03-04 16:07:33"
"2600","アピタ新潟亀田店","〒950-0157","新潟県新潟市中央区鵜ノ子","4丁目466","アピタ新潟亀田店2F","2021-03-05 09:51:00","2021-03-05 09:51:00"
"2603","ヘアステージサーブ","〒959-0221","新潟県燕市吉田西太田","787-57","","2021-03-05 09:59:25","2021-03-05 09:59:25"
"2605","中央区大畑町　三浦邸","〒951-8104","新潟県新潟市中央区西大畑町","601-10","","2021-03-05 10:45:45","2021-03-05 10:45:45"
"2606","アレーゼ新潟","〒950-0943","新潟県新潟市中央区女池神明","2丁目8-6","","2021-03-05 13:57:34","2021-03-05 13:57:34"
"2607","燕市杉名　八島邸","〒959-1273","新潟県燕市杉名","851","","2021-03-05 14:49:08","2021-03-05 14:49:08"
"2614","見附市本所　中古住宅","〒954-0051","新潟県見附市本所","2丁目7-24","","2021-03-07 09:02:41","2021-03-07 09:02:41"
"2615","三条市南四日町　中古住宅","〒955-0852","新潟県三条市南四日町","2丁目16-12","","2021-03-07 09:24:11","2021-03-07 09:24:11"
"2624","直江町　中古住宅","〒955-0832","新潟県三条市直江町","2-5-72","","2021-03-09 07:42:25","2021-03-09 07:42:25"
"2634","古町ステーキ店","〒951-8063","新潟県新潟市中央区古町通","8番町1506","プラザ8-1　1階","2021-03-10 07:44:31","2021-03-10 07:44:31"
"2642","ワクチン接種コールセンター(明石通ビル2F)","〒950-0082","新潟県新潟市中央区東万代町","2-1","明石通ビル","2021-03-11 13:43:26","2021-03-11 13:43:26"
"2650","燕市小池　達田邸","〒959-1265","新潟県燕市道金","715-5","","2021-03-13 09:28:37","2021-04-06 07:52:24"
"2651","燕市南　小林邸","〒959-1234","新潟県燕市南","","","2021-03-13 10:42:28","2021-03-13 10:42:28"
"2670","けやき通り　LA CUCINA LIBERA","〒950-0916","新潟県新潟市中央区米山","2丁目2-5","","2021-03-19 07:39:43","2021-03-19 07:39:43"
"2682","MR.&MRS.CAFE","〒950-0088","新潟県新潟市中央区万代","1丁目3-1","シネモールビル2F","2021-03-23 08:10:32","2021-03-23 08:10:32"
"2685","三条市三竹　高橋邸","〒955-0041","新潟県三条市三竹","","","2021-03-24 10:09:33","2021-03-24 10:09:33"
"2689","とりこう本成寺本店","〒955-0845","新潟県三条市西本成寺","2丁目4-14","NKタウンノースB","2021-03-25 07:40:18","2021-03-25 07:40:18"
"2700","THE Muse","〒950-0087","新潟県新潟市中央区東大通","1丁目7-1","第一ビル2F","2021-03-26 07:50:16","2021-03-26 07:50:16"
"2706","MID RAIN CAFE","〒959-0323","新潟県西蒲原郡弥彦村弥彦","2267","","2021-03-27 10:01:30","2021-03-27 10:01:30"
"2725","イデアル古町倉庫","〒951-8065","新潟県新潟市中央区東堀通","8番町1412番地","本間ビル1階","2021-03-30 11:51:23","2021-03-30 11:51:23"
"2731","Enju","〒951-8063","新潟県新潟市中央区古町","8番町1500","プラザ8-Ⅱ　10F","2021-04-01 19:12:05","2021-04-01 19:12:05"
"2735","日の出製麺","〒955-0046","新潟県三条市興野","3丁目20-1","","2021-04-02 09:38:37","2021-04-02 09:38:37"
"2736","曲淵　五十嵐邸","〒955-0000","新潟県三条市曲淵","2-13-11-5","","2021-04-02 15:38:40","2021-04-02 15:38:40"
"2750","当たり家","〒955-0046","新潟県三条市興野","2丁目16-181-2","","2021-04-05 07:49:36","2021-04-05 07:49:36"
"2752","J-Free","〒955-0091","新潟県三条市上須頃","72","","2021-04-05 07:54:49","2021-04-05 07:54:49"
"2753","(株)やまとメディカル","〒950-0921","新潟県新潟市中央区京王","1丁目16番6号","(株)やまとメディカル","2021-04-05 07:58:02","2021-04-05 07:58:02"
"2760","ディアマン","〒955-0071","新潟県三条市本町","2丁目5-1","","2021-04-06 07:41:13","2021-04-06 07:41:13"
"2763","(株)B★CRAFT","〒950-0951","新潟県新潟市中央区鳥屋野","358-47","","2021-04-06 07:47:22","2021-04-06 07:47:22"
"2772","旧荒町食堂","〒955-0083","新潟県三条市荒町","2-23-19","","2021-04-07 07:52:02","2021-04-07 07:52:02"
"2807","見附市　佐藤邸","〒954-0082","新潟県見附市柳橋","1003-9","","2021-04-15 07:40:03","2021-04-15 07:40:03"
"2809","(株)アクセルコーポレーション","〒940-2128","新潟県長岡市新産東町","50番地","","2021-04-15 07:47:32","2021-04-15 07:47:32"
"2811","時田　聡","〒950-1217","新潟県新潟市南区白根","1274","","2021-04-15 14:00:10","2021-04-15 14:00:10"
"2812","読売新聞(クリエーションビル)","〒955-0083","新潟県三条市荒町","2-22-2","クリエーションビル","2021-04-15 15:03:24","2021-04-15 15:03:24"
"2816","スナック月","〒959-1384","新潟県加茂市寿町","16-1","","2021-04-16 07:42:32","2021-04-16 07:42:32"
"2820","楽山楽水","〒959-1232","新潟県燕市井土巻","3丁目211","アパヴィラホテル燕三条駅前1F","2021-04-16 08:21:20","2021-04-16 08:21:20"
"2826","吉田新田町　中古住宅","〒959-0247","新潟県燕市吉田新田町","","","2021-04-17 11:37:04","2021-04-17 11:37:04"
"2839","赤塚様　美容室","〒957-0123","新潟県北蒲原郡聖籠町二本松","2127","","2021-04-20 14:16:57","2022-01-07 10:07:34"
"2840","葱屋平吉","〒950-0901","新潟県新潟市中央区弁天","1-1-26","オセオ弁天ビル3F","2021-04-20 15:21:44","2021-04-20 15:21:44"
"2852","川上　綾介","〒955-0022","新潟県三条市上保内","2828-5","","2021-04-22 08:54:55","2021-04-22 08:54:55"
"2853","おはぎ専門店飴と餅と果実","〒950-0087","新潟県新潟市中央区東大通","2-2-9","トーカン万代第二ビューハイツ　1F","2021-04-22 11:33:40","2021-04-22 11:33:40"
"2854","アイビーハウス","〒950-2045","新潟県新潟市西区五十嵐東","3丁目1-18","アイビーハウス","2021-04-23 07:40:03","2021-04-23 07:40:03"
"2859","マクレーン・ニール邸","〒951-8131","新潟県新潟市中央区白山浦","2丁目171番11号","","2021-04-23 08:22:50","2021-04-23 08:22:50"
"2872","(株)酒麺亭潤三条店試作室","〒955-0046","新潟県三条市興野","1丁目115-4","","2021-04-26 10:45:45","2021-04-26 10:45:45"
"2880","北入蔵　鈴木邸","","新潟県三条市北入蔵","2-4-46-5","","2021-04-27 09:00:19","2021-04-27 09:00:19"
"2895","親水公園前歯科","〒959-0215","新潟県燕市吉田下中野","3406番地","","2021-05-06 09:21:41","2021-05-06 09:21:41"
"2912","酒と麺　寅家","〒959-1373","新潟県加茂市松坂町","3-2","","2021-05-11 07:57:21","2021-05-11 07:57:21"
"2914","新発田　廣川邸","〒957-0045","新潟県新発田市荒川","1127","","2021-05-11 08:18:13","2021-05-11 08:18:13"
"2915","ラーチャン家(旧ラーメン竹小町)","〒951-8065","新潟県新潟市中央区東堀通","6-1035","","2021-05-11 16:11:44","2021-05-11 16:11:44"
"2919","エヌケーカンパニー　近藤　直樹","〒955-0022","新潟県三条市上保内","乙93番地24","","2021-05-12 16:02:18","2021-05-12 16:02:18"
"2923","木菱　美子","〒955-0864","新潟県三条市曲渕","2丁目8-11-1","","2021-05-13 07:56:21","2021-05-13 07:56:21"
"2925","河渡　伊藤邸","〒950-0024","新潟県新潟市東区河渡","字浜谷中沖143-15","","2021-05-13 14:58:45","2021-05-13 14:58:45"
"2930","ヤーブタイ","〒464-0000","愛知県名古屋市","","","2021-05-14 14:08:27","2021-05-14 14:08:27"
"2931","寿ビル","〒955-0071","新潟県三条市本町","2丁目6-9","寿ビル","2021-05-14 19:49:33","2021-05-14 19:49:33"
"2933","日本海ばん屋　別邸","〒955-0066","新潟県三条市居島","2-39","","2021-05-14 19:52:56","2021-05-14 19:52:56"
"2943","ココデカラー五泉店","〒959-1811","新潟県五泉市三本木早出","3026","キューピット三本木店","2021-05-17 07:44:09","2021-05-17 07:44:09"
"2945","ワタキューセイモア(株)","〒950-0141","新潟県新潟市江南区亀田工業団地","1-1-13","","2021-05-17 19:44:18","2021-05-17 19:44:18"
"2953","レモホル酒場新潟店","〒950-0087","新潟県新潟市中央区東大通","1-6-3","","2021-05-18 08:21:28","2021-05-18 08:21:28"
"2954","新時代　新潟駅前店","〒950-0087","新潟県新潟市中央区東大通","1丁目1-10","来々軒ビル　1階","2021-05-18 08:59:12","2021-05-18 08:59:12"
"2967","焼肉や　善山","〒951-8063","新潟県新潟市中央区古町通","7-934-5","","2021-05-20 18:56:12","2021-05-20 18:56:12"
"2974","江南区　古寺様邸","〒950-1146","新潟県新潟市江南区太右エ門新田","41-1","","2021-05-22 08:51:17","2021-05-22 08:51:17"
"2978","アイン薬局燕店","〒959-0202","新潟県燕市佐渡","185-1","","2021-05-24 14:18:07","2021-05-24 14:18:07"
"2994","Gemmeo MyM","〒950-0983","新潟県新潟市中央区神道寺","2丁目2-24","","2021-05-27 07:55:35","2021-05-27 07:55:35"
"3011","四季の宿みのや","〒959-0323","新潟県西蒲原郡弥彦村弥彦","2927-7","","2021-05-31 13:48:22","2021-05-31 13:48:22"
"3020","全研ビルサービス","〒955-0845","新潟県三条市西本成寺","2-29-9","","2021-06-01 07:54:32","2021-06-01 07:54:32"
"3026","ひろちゃん接骨院","〒950-2013","新潟県新潟市西区小針が丘","2-54","1F","2021-06-03 17:44:06","2021-06-03 17:44:06"
"3032","弁天プラザビル","〒950-0901","新潟県新潟市中央区弁天","1丁目2番4号","弁天プラザビル1階","2021-06-04 17:24:53","2021-06-04 17:24:53"
"3044","一の貴","〒959-1232","新潟県燕市井土巻","2丁目352","県央ヒルズ","2021-06-07 16:54:07","2021-06-07 16:54:07"
"3045","(株)喜久和","〒955-0002","新潟県三条市柳川新田","903-6","","2021-06-07 16:58:23","2021-06-07 16:58:23"
"3051","大関様(中華蕎麦　何卒)","〒953-0041","新潟県新潟市西蒲区巻甲","4158-2","カラオケマイム敷地内","2021-06-09 16:18:34","2021-06-09 16:18:34"
"3059","土田　浩之","〒955-0845","新潟県三条市西本成寺","1丁目30-4","","2021-06-10 18:13:38","2021-06-10 18:13:38"
"3064","高野　正臣","〒955-0024","新潟県三条市柳沢","9-14","","2021-06-11 10:00:14","2021-06-11 10:00:14"
"3065","五十嵐　久治","〒955-0033","新潟県三条市西大崎","1-8-15-3","","2021-06-11 10:03:52","2021-06-11 10:03:52"
"3066","渡辺様店舗","〒950-2121","新潟県新潟市西区槇尾","","","2021-06-11 16:47:40","2021-06-11 16:47:40"
"3079","土田　政一","〒955-0166","新潟県三条市上大浦","1006","","2021-06-15 10:08:41","2021-06-15 10:08:41"
"3084","美容室プルメリア","〒940-2108","新潟県長岡市千秋","1-253-6","","2021-06-18 14:34:17","2021-06-18 14:34:17"
"3085","燕市住宅","〒959-0202","新潟県燕市佐渡","","チャレンジャー近く","2021-06-18 16:57:00","2021-06-18 16:57:00"
"3095","新発田チーズ工場","〒959-2464","新潟県新発田市金塚","371","","2021-06-19 09:24:12","2021-06-19 09:24:12"
"3096","アサヒコモンズ施設","〒955-0057","新潟県三条市新光町","12-52","","2021-06-19 11:03:55","2021-06-19 11:03:55"
"3104","hair art Fata","〒950-1213","新潟県新潟市南区能登","字簔口745-3","","2021-06-20 09:39:26","2021-06-20 09:39:26"
"3106","東区大山　長谷川邸","〒950-0067","新潟県新潟市東区大山","2丁目11-24","","2021-06-21 07:47:27","2021-06-21 07:47:27"
"3108","江南区早通　川谷邸","〒950-0168","新潟県新潟市江南区早通","4丁目1-41","","2021-06-21 15:14:03","2021-06-21 15:14:03"
"3109","ミスタードーナツ東堀ショップ","〒951-8065","新潟県新潟市中央区東堀通","6番町1039","","2021-06-21 17:56:08","2021-06-21 17:56:08"
"3114","内野町放課後デイサービスセンター","〒950-2112","新潟県新潟市西区内野町","1077","","2021-06-21 18:52:45","2021-06-21 18:52:45"
"3122","プラスフィット","〒950-0893","新潟県新潟市東区はなみずき","2丁目9-17","","2021-06-24 07:40:56","2021-06-24 07:40:56"
"3124","(株)エヌエムアイ","〒940-2105","新潟県長岡市緑町","1丁目38-283","","2021-06-24 15:56:33","2021-06-24 15:56:33"
"3125","(株)高儀エクステリア事業部","〒955-0814","新潟県三条市金子新田","2945-29","","2021-06-24 16:18:54","2021-06-24 16:18:54"
"3152","川商マンション","〒955-0047","新潟県三条市東三条","1-5-1","","2021-06-30 07:47:12","2021-06-30 07:47:12"
"3156","ふく鳥","〒955-0046","新潟県三条市興野","2丁目2-58","りとるたうん","2021-07-01 14:34:40","2021-07-01 14:34:40"
"3161","山本ビル","〒959-1371","新潟県加茂市穀町","1-5","","2021-07-01 17:55:11","2021-07-01 17:55:11"
"3164","(有)村将軍","〒959-1363","新潟県加茂市芝野","11-22","","2021-07-02 08:28:56","2021-07-02 08:28:56"
"3172","アカシア(旧胡蝶)","〒955-0071","新潟県三条市本町","2丁目2-28","","2021-07-05 18:23:17","2021-07-05 18:23:17"
"3178","Villaggio italia","〒950-0943","新潟県新潟市中央区女池神明","2丁目8-6","","2021-07-06 19:30:59","2021-07-06 19:30:59"
"3181","ハイツモンマルトル","〒951-8162","新潟県新潟市中央区関屋本村町","1丁目69","ハイツモンマルトル","2021-07-07 07:48:23","2021-07-07 07:48:23"
"3183","曲渕　五十嵐邸","〒955-0864","新潟県三条市曲渕","2-13-11-5","","2021-07-07 07:50:41","2021-07-07 07:50:41"
"3189","片口　五十嵐邸","〒955-0807","新潟県三条市片口","339-2","","2021-07-07 08:10:23","2021-07-07 08:10:23"
"3191","青山　朝妻邸","〒950-2002","新潟県新潟市西区青山","6丁目1436番1257","","2021-07-07 10:53:16","2021-07-07 10:53:16"
"3192","大手薬品燕チャレンジャー店","〒959-0202","新潟県燕市佐渡","5141","","2021-07-08 18:51:36","2021-07-08 18:51:36"
"3228","新大前古着屋","〒950-2111","新潟県新潟市西区大学南","2-7-53","2F","2021-07-15 07:35:30","2021-07-15 07:35:30"
"3230","サントス珈琲店","〒959-0214","新潟県燕市吉田法花堂","911-17","","2021-07-15 07:39:22","2021-07-15 07:39:22"
"3232","わらん吉田店","〒959-0263","新潟県燕市吉田","3493-1","","2021-07-15 07:42:21","2021-07-15 07:42:21"
"3251","虎太郎","〒955-0083","新潟県三条市荒町","2-391-1","","2021-07-20 10:09:48","2021-07-20 10:09:48"
"3263","フトン巻きのジロー新潟亀貝店","〒950-2033","新潟県新潟市西区亀貝前田","1369","","2021-07-26 14:44:24","2021-07-26 14:44:24"
"3265","椿　正吉","〒955-0021","新潟県三条市下保内","1039-25","","2021-07-26 17:47:09","2021-07-26 17:47:09"
"3266","薄田　秀夫","〒955-0051","新潟県三条市鶴田","1-2-8","","2021-07-26 17:50:36","2021-07-26 17:50:36"
"3267","ファッションセンターしまむら　燕店","〒959-1296","新潟県燕市東太田","6968","","2021-07-26 18:16:52","2021-07-26 18:16:52"
"3268","羽生　晃也","〒955-0084","新潟県三条市石上","3丁目33-18","","2021-07-26 18:49:32","2021-07-26 18:49:32"
"3278","アスティ","〒955-0862","新潟県三条市南新保","7-24","","2021-07-28 07:42:13","2021-07-28 07:42:13"
"3279","加茂市　小柳邸","〒959-1361","新潟県加茂市下条","丙65-5","","2021-07-28 08:26:53","2021-07-28 08:26:53"
"3280","小須戸デイサービス","〒956-0121","新潟県新潟市秋葉区横川浜","546-5","","2021-07-28 14:41:57","2021-07-28 14:41:57"
"3284","LAND'S HAIR","〒950-0911","新潟県新潟市中央区笹口","1丁目10-21","まるよし第18ビル　2F","2021-07-29 17:49:07","2021-07-29 17:49:07"
"3291","(株)アテンド","〒940-0086","新潟県長岡市西千手","1-1-1","アテンドビル","2021-07-29 18:02:02","2021-07-29 18:02:02"
"3307","(株)ビークラフト　仮事務所","〒950-1132","新潟県新潟市中央区丸潟新田","568-3","","2021-08-03 08:14:50","2021-08-03 08:14:50"
"3319","(株)外山製作所","〒959-1106","新潟県三条市吉野屋","1403","","2021-08-05 07:46:15","2021-08-05 07:46:15"
"3321","水島町　大場邸","〒950-0904","新潟県新潟市中央区水島町","7番30号","","2021-08-05 08:33:34","2021-08-05 08:33:34"
"3328","シフォンケーキ店2539","〒950-2112","新潟県新潟市西区内野町","552","","2021-08-06 13:45:49","2021-08-06 13:45:49"
"3346","古町通6番町マンション","〒951-8063","新潟県新潟市中央区古町通","6番町","","2021-08-18 11:12:48","2021-08-18 11:12:48"
"3347","味濱家跡","〒951-8063","新潟県新潟市中央区古町通","8番町","旧味濱家","2021-08-18 14:44:49","2021-08-18 14:44:49"
"3348","阿賀野市自動車整備工場","〒959-2064","新潟県阿賀野市福田","482","","2021-08-18 15:22:33","2021-08-18 15:22:33"
"3349","桟敷屋","〒953-0041","新潟県新潟市西蒲区巻甲","3143-1","","2021-08-18 16:42:28","2021-08-18 16:42:28"
"3356","阿賀野市　近藤様自動車整備工場","〒959-2064","新潟県阿賀野市福田","482","","2021-08-19 07:44:01","2021-08-19 07:44:01"
"3365","田上　志田様邸","〒959-1513","新潟県南蒲原郡田上町川船河","乙153-37","","2021-08-20 16:18:30","2021-08-20 16:18:30"
"3366","EYELA新越谷店","〒343-0845","埼玉県越谷市南越谷","4-12-8","飯塚ビル1階","2021-08-20 16:24:09","2021-08-20 16:24:09"
"3367","旧韓国居酒屋","〒950-0902","新潟県新潟市中央区南万代町","12-4","旧韓国居酒屋","2021-08-20 16:38:58","2021-08-20 16:38:58"
"3377","山二ツ仮倉庫","〒950-0922","新潟県新潟市中央区山二ツ","3-6-11","","2021-08-25 07:42:35","2021-08-25 07:42:35"
"3388","BUNKER","〒951-8063","新潟県新潟市中央区古町通","8-1508","永喜多ビル3F","2021-08-26 10:22:31","2021-08-26 10:22:31"
"3397","寺尾朝日通戸建","〒950-2051","新潟県新潟市西区寺尾朝日通","1-13","","2021-08-27 07:39:31","2021-08-27 07:39:31"
"3415","PIQNIQ","","","","やすらぎ提","2021-08-30 19:02:20","2021-08-30 19:02:20"
"3416","YASURAGI GARDEN","","","","やすらぎ提","2021-08-30 19:04:07","2021-08-30 19:04:07"
"3418","燕市新町戸建","〒959-1255","新潟県燕市新町","3-9","","2021-08-30 19:06:35","2021-08-30 19:06:35"
"3433","キャンパスプラザ","〒950-2111","新潟県新潟市西区大学南","2-7-53","キャンパスプラザ","2021-09-01 18:48:26","2021-09-01 18:48:26"
"3439","(株)エバーソフト","〒950-0982","新潟県新潟市中央区堀之内南","2丁目18-19","エバーライフビル","2021-09-02 11:39:47","2021-09-02 11:39:47"
"3440","すみれビル","〒951-8062","新潟県新潟市中央区西堀前通","737-1","","2021-09-02 14:39:35","2021-09-02 14:39:35"
"3450","(株)ツバメ教材製作所","〒959-1272","新潟県燕市杉柳","931-16","","2021-09-04 17:17:49","2021-09-04 17:40:40"
"3455","3-STYLE","〒950-1132","新潟県新潟市中央区丸潟新田","237-1","","2021-09-07 07:34:54","2021-09-07 07:34:54"
"3457","味処・酒処とらや","〒950-2041","新潟県新潟市西区坂井東","6丁目12-34","","2021-09-07 07:38:29","2021-09-07 07:38:29"
"3464","共創未来柳町薬局","〒959-1386","新潟県加茂市柳町","2丁目5-8","","2021-09-07 18:51:11","2021-09-07 18:51:11"
"3480","Ajiの極み","〒950-0087","新潟県新潟市中央区東大通","1丁目7-1","第一ビル　1F","2021-09-13 07:37:36","2021-09-13 07:37:36"
"3491","西蒲区押付戸建","〒959-0425","新潟県新潟市西蒲区押付","264-5","","2021-09-14 08:13:16","2022-11-11 07:38:57"
"3502","レビストーンヘアー","〒950-3112","新潟県新潟市北区太夫浜","1798-3","","2021-09-16 08:15:53","2021-09-16 08:15:53"
"3503","齋藤渚様邸","〒950-0024","新潟県新潟市東区河渡","2丁目丙544-28地内","","2021-09-16 09:56:53","2021-09-16 09:56:53"
"3504","トランスジム見附店","〒954-0112","新潟県見附市上新田町","725-1","プラント5内","2021-09-16 11:12:37","2021-09-16 11:12:37"
"3505","モスバーガー新潟大学前店","〒950-2045","新潟県新潟市西区五十嵐東","1丁目1-10","","2021-09-16 13:23:33","2021-09-16 13:23:33"
"3506","生野様邸","〒950-1471","新潟市南区和泉","","","2021-09-16 16:54:25","2021-09-16 16:54:25"
"3531","高橋雄太様邸","〒950-0948","新潟県新潟市中央区女池南","3丁目1981番2","","2021-09-25 16:24:36","2021-09-25 16:24:36"
"3563","万代メンズエステ","〒950-0088","新潟県新潟市中央区万代","1丁目3-12","2F","2021-10-01 07:51:04","2021-10-01 07:51:04"
"3583","田野様邸","〒959-1234","新潟県燕市南","6-6-20","","2021-10-04 19:59:21","2021-10-04 19:59:21"
"3585","麺酒場うめもと","〒955-0071","新潟県三条市本町","2丁目7-28","","2021-10-04 20:01:44","2021-10-04 20:01:44"
"3588","脱毛サロンパールプラス","〒956-0000","新潟県新潟市秋葉区","","","2021-10-05 09:51:54","2021-10-05 09:51:54"
"3589","栗林　達田様邸","〒955-0085","新潟県三条市栗林","1076-7","","2021-10-05 10:31:13","2021-10-05 10:31:13"
"3601","太夫浜美容室","〒950-3112","新潟県新潟市北区太夫浜","1798-3","","2021-10-07 07:40:36","2021-10-07 07:40:36"
"3603","松浜美容室","〒950-3112","新潟県新潟市北区太夫浜","1798-3","","2021-10-07 07:50:09","2021-10-07 07:50:09"
"3616","万人家燕店","〒959-1263","新潟県燕市大曲","字曽根444","","2021-10-09 17:06:26","2021-10-09 17:06:26"
"3620","ホーユウパレス新潟亀田","〒950-0151","新潟県新潟市江南区亀田四ツ興野","3丁目","","2021-10-09 18:08:45","2021-10-09 18:08:45"
"3638","河渡新町　臼木様邸","〒950-0033","新潟県新潟市東区河渡新町","1丁目5-30","","2021-10-14 08:41:25","2021-10-14 08:41:25"
"3666","燕市東太田　鈴木邸","〒959-1289","新潟県燕市東太田","3402","","2021-10-20 19:31:42","2021-10-20 19:31:42"
"3715","エコー金属(株)第3物流センター","〒959-1211","新潟県燕市小中川","1782番地","","2021-11-01 15:02:21","2021-11-01 15:02:21"
"3723","サニーアームス","〒950-0908","新潟県新潟市中央区幸西","3丁目2-32","サニーアームス","2021-11-03 09:19:59","2021-11-03 09:19:59"
"3725","餡菓子　萬代庵2号店","〒950-0088","新潟県新潟市中央区万代","1丁目6-1","万代シティバスセンター2階","2021-11-03 14:53:19","2021-11-03 14:53:19"
"3733","新和　中村邸","〒950-0972","新潟県新潟市中央区新和","4-4-8","","2021-11-06 07:46:08","2021-11-06 07:46:08"
"3744","ガッレソ内メンズエステ","〒950-0086","新潟県新潟市中央区花園","1丁目2-2","コープシティ花園GARESSO","2021-11-09 18:48:57","2021-11-09 18:48:57"
"3753","(株)ビークラフト","〒950-0991","新潟県新潟市中央区下所島","2丁目6番8号","","2021-11-11 15:57:23","2021-11-11 15:57:23"
"3756","アーサスヘア","","","","","2021-11-11 16:21:15","2021-11-11 16:21:15"
"3771","ビラプリンス405、406号室","〒951-8114","新潟県新潟市中央区営所通","2番町692-27","","2021-11-15 19:26:57","2021-11-15 19:26:57"
"3778","(株)フチオカ","〒954-0111","新潟県見附市今町","8丁目9-1","","2021-11-17 18:30:17","2021-11-17 18:30:17"
"3785","第一楼CoCoLo長岡店","〒940-0061","新潟県長岡市城内町","1丁目611-1","CoCoLo長岡　食品館","2021-11-18 18:23:29","2021-11-18 18:23:29"
"3804","石や磋","〒950-0087","新潟県新潟市中央区東大通","1丁目6-2","赤坂ビル1F","2021-11-22 18:23:47","2021-11-22 18:23:47"
"3806","南四日町中古住宅","〒955-0852","新潟県三条市南四日町","2丁目15-5","","2021-11-24 08:19:15","2021-11-24 08:19:15"
"3811","小黒雅樹・彩乃様邸","〒950-0916","新潟県新潟市中央区米山","3丁目1-31","パストラルハイム新潟米山弐番館312号室","2021-11-25 10:50:26","2021-11-25 10:50:26"
"3826","小池　博行","〒959-1333","新潟県加茂市八幡","1丁目7-13","","2021-11-29 07:44:09","2021-11-29 07:44:09"
"3828","フトン巻きのジロー新潟関新店","〒951-8141","新潟県新潟市中央区関新","1丁目2-3","","2021-11-29 10:53:35","2021-11-29 10:53:35"
"3832","(株)刷屋","〒950-0985","新潟県新潟市中央区和合町","2-4-9","","2021-11-29 18:52:55","2021-12-18 10:30:22"
"3836","ひろき接骨院","","","","","2021-12-01 07:45:39","2021-12-01 07:45:39"
"3837","三条市東裏館戸建","〒955-0081","新潟県三条市東裏館","1-16-28","","2021-12-01 07:46:54","2021-12-01 07:46:54"
"3850","神明町　高野様","〒955-0063","新潟県三条市神明町","4-31","","2021-12-03 08:48:38","2021-12-03 08:48:38"
"3857","石山邸","〒951-8025","新潟県新潟市中央区赤坂町","2丁目10-28","","2021-12-04 07:42:41","2021-12-04 07:42:41"
"3859","松縄文五郎商店","〒959-1156","新潟県三条市福島新田","丙2350-1","","2021-12-04 07:46:02","2021-12-04 07:46:02"
"3861","金沢古着屋","〒920-0997","石川県金沢市竪町","39番地","","2021-12-04 10:55:47","2021-12-04 10:55:47"
"3863","アーサスヘア新潟小新店","〒950-2028","新潟県新潟市西区小新南","2丁目10-28","","2021-12-04 11:38:26","2021-12-04 11:38:26"
"3872","ペッピーキッズクラブイオン長岡教室","〒940-2106","新潟県長岡市古正寺","1丁目249-1","イオン長岡2F","2021-12-07 14:31:42","2021-12-07 14:31:42"
"3877","燕三条Wing","〒955-0093","新潟県三条市下須頃","502-3","JR燕三条駅2F","2021-12-07 18:40:14","2021-12-07 18:40:14"
"3890","Lusie","〒950-0842","新潟県新潟市東区もえぎ野","3丁目12-7","","2021-12-10 17:54:00","2021-12-10 17:54:00"
"3899","旧KIRA","〒955-0071","新潟県三条市本町","2丁目4-8","新泉ビル1F","2021-12-13 17:05:35","2021-12-13 17:05:35"
"3924","西区坂井新築戸建","〒950-2042","新潟県新潟市西区坂井","1030-5","","2021-12-17 16:33:45","2021-12-17 16:33:45"
"3930","(株)オオタ・ダンボール","〒950-0985","新潟県新潟市中央区和合町","2-4-9","奥倉庫1F","2021-12-18 08:12:15","2022-10-24 10:05:13"
"3931","(株)刷屋作業場","〒950-0985","新潟県新潟市中央区和合町","2-4-9","","2021-12-18 09:40:33","2021-12-18 09:40:33"
"3932","食堂mico","〒951-8063","新潟県新潟市中央区古町通","8番町1506番地2","プラザ8ビル1F　101","2021-12-18 15:36:53","2021-12-18 15:36:53"
"3937","ローダンセ","","新潟県三条市西本成寺","1-37-33","ローダンセ","2021-12-20 14:21:53","2021-12-20 14:21:53"
"3938","治田様　南四日町美容室","〒955-0852","新潟県三条市南四日町","","","2021-12-20 18:31:01","2021-12-20 18:31:01"
"3950","桑原様店舗","〒955-0862","新潟県三条市南新保","4-7","","2021-12-22 16:48:13","2021-12-22 16:48:13"
"3961","相田　洋孝","〒955-0056","新潟県三条市嘉坪川","2-13-18","","2021-12-25 10:38:12","2021-12-25 10:38:12"
"3970","小針ドライヘッドスパ","〒950-2022","新潟県新潟市西区小針","3丁目37-30","樋口ビル","2021-12-28 13:32:36","2021-12-28 13:32:36"
"3985","LUVISM松崎店","〒950-0014","新潟県新潟市東区松崎","1丁目8-14","21プラザ　2階","2022-01-07 09:07:47","2022-01-07 09:16:14"
"3989","古町6番町共同住宅10F","〒951-8063","新潟県新潟市中央区古町通","六番町983-1","ロンドベル古町6番町　10F","2022-01-07 18:39:51","2022-01-07 18:39:51"
"3990","ネイルサロンtransform","〒950-0087","新潟県新潟市中央区東大通","1-6-2-3","宝ビル1F","2022-01-08 07:45:15","2022-01-08 07:45:15"
"3995","CLOE古町6店","〒951-8063","新潟県新潟市中央区古町通","六番町983-1","ロンドベル古町6番町　1F","2022-01-08 17:46:38","2022-01-08 17:47:07"
"4009","モーターパル","〒955-0832","新潟県三条市直江町","4丁目6-13","","2022-01-14 08:13:05","2022-01-14 08:13:05"
"4026","荒木様邸","〒955-0853","新潟県三条市北四日町","106","","2022-01-18 08:07:25","2022-01-18 08:07:25"
"4060","三条土地建物貸事務所","〒955-0082","新潟県三条市西裏館","2丁目12","","2022-01-25 07:43:24","2022-01-25 07:43:24"
"4066","CLOE横越蔦屋店","〒950-0210","新潟県新潟市江南区横越上町","5丁目1-6","蔦屋書店　横越バイパス店","2022-01-25 18:35:20","2022-01-25 18:35:20"
"4080","湘南美容クリニック(ビルボードプレイス)","〒950-0909","新潟県新潟市中央区八千代","2丁目1-2","万代シティビルボードプレイス3F","2022-01-29 10:34:42","2022-01-29 10:34:42"
"4088","駅前クリニック","〒950-0901","新潟県新潟市中央区弁天","1丁目4-27","伊藤駅前ビル4F","2022-02-01 18:24:28","2022-02-01 18:24:28"
"4105","SATO'S BAR","〒955-0071","新潟県三条市本町","2丁目2-26","村山ビル2F","2022-02-07 07:45:31","2022-02-07 07:45:31"
"4148","古町居酒屋","〒951-8063","新潟県新潟市中央区古町通9番町","1475-4","","2022-02-18 18:55:11","2022-02-18 19:08:38"
"4186","赤坂ビル","〒950-0087","新潟県新潟市中央区東大通","1丁目6-2","赤坂ビル","2022-02-28 08:03:41","2022-02-28 08:03:41"
"4198","しちく不動産屋","〒950-0914","新潟県新潟市中央区紫竹山","1丁目2番11号","","2022-03-02 08:13:03","2022-03-02 08:13:03"
"4210","胎内市　西様邸","〒959-2721","新潟県胎内市苔実","397","","2022-03-07 07:39:31","2022-03-07 07:39:31"
"4214","LUVISM名古屋2号店","〒453-0002","愛知県名古屋市中村区名駅","4丁目2","名駅クリスタルビル7階","2022-03-07 07:44:03","2022-03-25 08:16:31"
"4220","もふもふ羊万代店","〒950-0088","新潟県新潟市中央区万代","1丁目3-1","万代シネモールビル2F","2022-03-08 07:38:50","2022-03-08 07:38:50"
"4244","八雲","〒955-0071","新潟県三条市本町","2丁目3-1","","2022-03-14 09:44:15","2022-03-14 09:44:15"
"4245","まんまる整骨院","〒950-0925","新潟県新潟市中央区弁天橋通","3丁目9-13","","2022-03-14 09:46:42","2022-03-14 09:46:42"
"4247","もくもく羊万代店","〒950-0088","新潟県新潟市中央区万代","1丁目3-1","万代シネモールビル2F","2022-03-14 17:40:47","2022-03-14 17:40:47"
"4292","ヘアーサロン西堀店","〒951-8061","新潟県新潟市中央区西堀通","4番町816-7","パンウエストリート　1F-B","2022-04-01 07:39:28","2022-04-01 07:39:28"
"4300","笹孫","〒950-1261","新潟県新潟市南区味方","402","","2022-04-06 07:38:31","2022-04-06 07:38:31"
"4302","大島テナントビル","〒950-0953","新潟県新潟市中央区大島","191-1","","2022-04-06 17:53:18","2022-04-06 17:53:18"
"4306","寺泊　田村邸","〒959-0141","新潟県長岡市寺泊敦ケ曽根","442","","2022-04-07 18:34:27","2022-04-07 18:34:27"
"4321","魚と地酒とワイン　りべら","〒951-8063","新潟県新潟市中央区古町通9番町","1475-4","","2022-04-14 07:40:36","2022-04-14 07:40:36"
"4331","加茂駅前ビル　アベレコード","〒959-1378","新潟県加茂市駅前","3-3","","2022-04-18 17:15:07","2022-04-18 17:15:07"
"4344","斉藤カズ","〒954-0045","新潟県見附市緑町","13-33","","2022-04-23 07:50:02","2022-04-23 07:50:02"
"4351","土佐屋三条店（旧当たり家）","〒955-0046","新潟県三条市興野","2丁目16-181-2","","2022-04-26 08:28:57","2022-04-26 08:28:57"
"4352","Ｓ・Ｔビル","〒955-0000","新潟県三条市内","","","2022-04-26 08:41:21","2022-04-26 08:41:21"
"4361","ロンドベル古町6番町","〒951-8063","新潟県新潟市中央区古町通","六番町983-1","","2022-04-29 07:50:17","2022-04-29 07:50:17"
"4367","加茂市　長沢邸","〒959-1336","新潟県加茂市黒水","900","","2022-04-30 08:40:07","2022-04-30 08:40:07"
"4368","江南区　工房","〒950-0203","新潟市江南区小杉","2丁目7番地1","","2022-04-30 15:06:36","2022-04-30 15:06:36"
"4375","Ｋハート　小池専務宅","","","","","2022-05-07 07:45:58","2022-05-07 07:45:58"
"4380","井栗倉庫","〒955-0013","新潟県三条市井栗","乙87-2","","2022-05-09 09:02:59","2022-05-09 09:02:59"
"4383","とくとく阿賀野川SA店","〒959-4634","新潟県東蒲原郡阿賀町熊渡","2035-23","阿賀野川SA(上り線)","2022-05-11 07:37:46","2022-05-11 07:37:46"
"4388","三条市林町接骨院","〒955-0061","新潟県三条市林町","2丁目18-24","","2022-05-12 09:25:02","2022-05-12 09:25:02"
"4390","eスポーツ施設","〒950-0862","新潟県新潟市東区竹尾","710-1","DAMZ竹尾店2F","2022-05-13 13:50:03","2022-05-13 13:50:03"
"4391","関屋浜海の家なみへい","〒951-8134","新潟県新潟市中央区関屋","1-24","関屋浜","2022-05-13 15:23:11","2022-05-13 15:23:11"
"4396","宏友会","〒959-1383","新潟県加茂市旭町","5-4007-3","","2022-05-16 07:47:13","2022-05-16 07:47:13"
"4399","米持文四郎商店","〒950-1455","新潟県新潟市南区新飯田","2628-2","","2022-05-16 18:32:31","2022-05-16 18:32:31"
"4400","村上市　スズキ美容室","〒958-0000","新潟県村上市","","","2022-05-16 19:18:46","2022-05-16 19:18:46"
"4410","ヘアーメイクバレンタイン","〒950-0923","新潟県新潟市中央区姥ケ山","2丁目27-17","","2022-05-20 07:35:04","2022-05-20 07:35:04"
"4414","妹尾様接骨院","〒955-0061","新潟県三条市林町","2丁目18-24","","2022-05-20 16:57:01","2022-05-20 16:57:01"
"4416","五頭住宅","","","","","2022-05-21 07:36:32","2022-05-21 07:36:32"
"4420","中華蕎麦　采の芽","〒953-0041","新潟県新潟市西蒲区巻甲","4158-2","カラオケマイム敷地内","2022-05-23 14:15:15","2022-05-23 14:15:15"
"4421","中華蕎麦　采ノ芽","〒953-0041","新潟県新潟市西蒲区巻甲","4158-2","カラオケマイム敷地内","2022-05-23 14:17:39","2022-05-23 14:17:39"
"4422","長潟　赤塚様サロン","〒950-0932","新潟県新潟市中央区長潟","3丁目1-21","夢ランドビル長潟　2F","2022-05-23 16:07:55","2022-05-23 16:07:55"
"4439","小池　勝彦","〒959-1333","新潟県加茂市八幡","3丁目1番6号","","2022-05-27 11:47:26","2022-05-27 11:47:26"
"4451","(株)雨に唄えば","〒955-0081","新潟県三条市東裏館","2丁目21番36号","佐藤産業ビル1階","2022-05-31 14:53:43","2022-05-31 14:53:43"
"4453","大竹座複合ビル","〒951-8063","新潟県新潟市中央区古町通","8番町1493","","2022-06-01 11:30:45","2022-06-01 11:30:45"
"4455","三条土地建物(株)","〒955-0082","新潟県三条市西裏館","2丁目6-2","","2022-06-02 07:39:15","2022-06-02 07:39:15"
"4463","ミズベリングピザ屋","","","","やすらぎ提","2022-06-06 11:32:31","2022-06-06 11:32:31"
"4469","自遊空間新潟柏崎店","〒945-0816","新潟県柏崎市田中","13-3","レトロ想い出広場1F","2022-06-07 11:27:49","2022-06-07 11:27:49"
"4475","いざかや　め","〒950-0075","新潟県新潟市中央区沼垂東","3-5-25","てらすすとりーとAの1","2022-06-09 07:35:38","2022-06-09 07:35:38"
"4479","スナックマンマ","〒955-0071","新潟県三条市本町","2丁目1-47","","2022-06-13 07:39:37","2022-06-13 07:39:37"
"4488","北入蔵　佐藤邸","〒955-0053","新潟県三条市北入蔵","1-2-34","","2022-06-14 07:36:27","2022-06-14 07:36:27"
"4520","五泉カラオケ喫茶店","〒959-1824","新潟県五泉市吉沢","2丁目2-11","","2022-06-22 17:45:43","2022-06-22 17:45:43"
"4534","駅南カレー屋","〒950-0911","新潟県新潟市中央区笹口","1-18-1","八重洲ビル１階","2022-06-29 11:08:42","2022-06-29 11:08:42"
"4538","ヤスダヨーグルトショップ　CoCoLo長岡店","〒940-0061","新潟県長岡市城内町","1丁目661-1","長岡駅1F","2022-06-30 07:42:20","2022-06-30 07:42:20"
"4553","奏ダイニング","〒950-0088","新潟県新潟市中央区万代","1-3-1","万代シネモールビル2F","2022-07-06 12:34:39","2022-07-06 12:34:39"
"4565","金沢古着屋2号店","","石川県金沢市竪町","106番地","","2022-07-11 15:24:50","2022-07-14 09:11:54"
"4592","中新　安藤邸","〒955-0035","新潟県三条市中新","3-5","","2022-07-20 11:24:43","2022-07-20 11:27:37"
"4594","燕市内　某住宅","〒959-1200","新潟県燕市内","","","2022-07-20 17:17:32","2022-07-20 17:17:32"
"4603","NMI林町薬局","〒955-0061","新潟県三条市林町","1丁目19-25","","2022-07-23 07:43:33","2022-07-23 07:43:33"
"4610","まるなか商店　興野店","〒955-0046","新潟県三条市興野","2丁目16-18","","2022-07-25 15:23:23","2022-07-25 15:23:23"
"4615","美容室ドリーム","〒950-0911","新潟県新潟市中央区笹口","2丁目9-21","","2022-07-26 16:16:28","2023-03-02 07:31:03"
"4629","井栗事務所","〒955-0013","新潟県三条市井栗","1丁目42-23","","2022-07-29 14:30:50","2022-07-29 14:30:50"
"4644","エイト","〒955-0071","新潟県三条市本町","2-4-13","","2022-08-04 07:44:09","2022-08-04 07:44:09"
"4653","阿賀野市　馬場様ネイルサロン","〒959-2000","新潟県阿賀野市","","","2022-08-08 10:03:39","2022-08-08 10:03:39"
"4654","中小企業大学校","〒955-0025","新潟県三条市上野原","570","","2022-08-08 11:38:12","2022-08-08 11:38:12"
"4671","小笹様邸","〒956-0036","新潟県新潟市秋葉区中村","8-4","","2022-08-12 17:32:27","2022-08-12 17:32:27"
"4683","(株)SKY","〒940-2025","新潟県長岡市高瀬町","1345-1","","2022-08-18 07:25:54","2022-08-18 07:25:54"
"4686","3-STYLE　鳥屋野","〒950-0951","新潟県新潟市中央区鳥屋野","416-6","旧ガレージメトロ","2022-08-18 18:41:54","2022-08-18 18:41:54"
"4697","三宝亭ラボ","〒950-0088","新潟県新潟市中央区万代","1丁目5-1","ラブラ万代","2022-08-21 09:49:50","2022-08-21 09:49:50"
"4713","鶴田　売住宅","〒955-0051","新潟県三条市鶴田","1丁目8-29","","2022-08-25 11:28:43","2022-08-25 11:28:43"
"4721","東三条　小栗様邸","〒955-0047","新潟県三条市東三条","二丁目","","2022-08-29 10:23:23","2022-08-29 10:23:23"
"4724","らーめん潤　新潟寺尾店","〒950-2051","新潟県新潟市西区寺尾朝日通","27-24","","2022-08-29 18:52:46","2022-09-08 17:40:03"
"4725","宮島循環器内科","〒959-1232","新潟県燕市井土巻","4丁目279","","2022-08-30 16:06:46","2022-08-30 16:06:46"
"4741","いざか家あり坊","〒959-1384","新潟県加茂市寿町","2-25","","2022-09-03 16:09:40","2022-09-03 16:09:40"
"4742","柳沢住宅","〒955-0024","新潟県三条市柳沢","1886-73","","2022-09-05 08:57:16","2022-09-05 08:57:16"
"4748","club Riz","〒951-8065","新潟県新潟市中央区東堀通","9番町1397-1","","2022-09-05 18:27:10","2022-09-05 18:27:10"
"4750","イオンスタイル新発田中田町","〒957-0006","新潟県新発田市中田町","","","2022-09-06 16:04:03","2022-09-06 16:04:03"
"4755","SUPER ANGEL","〒950-0087","新潟県新潟市中央区東大通","1-11-12","パルコミニオンビル6F","2022-09-07 09:02:18","2022-09-07 09:03:02"
"4756","北四日町　羽賀邸","〒955-0853","新潟県三条市北四日町","723-5","","2022-09-07 14:34:45","2022-09-07 14:34:45"
"4759","石崎ボルト　有限会社","〒950-3308","新潟県新潟市北区下大谷内","1672-12","","2022-09-09 07:36:19","2022-09-09 07:36:19"
"4772","FIREPIT","〒950-0901","新潟県新潟市中央区弁天","2丁目4-19","","2022-09-15 07:33:59","2022-09-15 07:33:59"
"4774","塚野目　関邸","〒955-0055","新潟県三条市塚野目","1丁目2-9","","2022-09-15 16:42:36","2022-09-15 16:42:36"
"4775","想い出広場レトロ","〒945-0816","新潟県柏崎市田中","13-3","","2022-09-16 09:48:23","2022-09-16 09:48:23"
"4781","モスバーガー新潟中条店","〒959-2629","新潟県胎内市中条","3119-1","","2022-09-17 12:04:21","2022-09-17 12:04:21"
"4785","ナインノーナイン","〒950-0087","新潟県新潟市中央区東大通","2丁目4-33","パークソレイユ3番館1-A","2022-09-22 07:38:47","2022-09-22 07:38:47"
"4796","古町コーヒー店","〒951-8063","新潟県新潟市中央区古町通","2番町543","","2022-09-28 09:30:55","2022-09-28 09:30:55"
"4799","鷲尾様美容室(hair create ROM)","","新潟県新潟市内","","","2022-09-28 09:41:53","2022-09-28 09:41:53"
"4807","三条市三竹　船久保邸","〒955-0041","新潟県三条市三竹","1丁目7-11","","2022-09-29 18:23:23","2022-10-05 18:19:55"
"4818","アテンドマンション","","新潟県長岡市","","","2022-10-04 18:18:22","2022-10-04 18:18:22"
"4821","まるなか商店","〒955-0823","新潟県三条市東本成寺","12-35","","2022-10-05 11:01:34","2022-10-05 11:01:34"
"4833","グラデヴォーレ","〒951-8065","新潟県新潟市中央区東堀通","6番町1039","","2022-10-13 07:42:42","2022-10-13 07:42:42"
"4836","鳥屋野不動産古町ビル","〒951-8063","新潟県新潟市中央区古町通","1452-1","鳥屋野不動産古町ビル","2022-10-13 07:52:37","2022-10-13 07:52:37"
"4837","鳥屋野不動産貸テナント","〒950-0951","新潟県新潟市中央区鳥屋野","2丁目13-22","鳥屋野不動産","2022-10-13 07:55:56","2022-10-13 07:55:56"
"4854","立喰いそば越善三条店","〒955-0046","新潟県三条市興野","2丁目16-18","","2022-10-18 15:21:41","2022-10-18 15:21:41"
"4864","フルマチコーヒー","〒951-8063","新潟県新潟市中央区古町通","2番町543","","2022-10-20 18:54:39","2022-10-20 18:54:39"
"4873","シルクハウス","〒950-2026","新潟県新潟市西区小針南台","9-27","","2022-10-24 08:56:06","2022-10-24 08:56:06"
"4874","59Fu_cafe(弥彦Cafe)","〒959-0323","新潟県西蒲原郡弥彦村弥彦","3510","","2022-10-24 11:01:30","2022-10-24 11:01:30"
"4880","RENO古町8スナック","〒951-8063","新潟県新潟市中央区古町通8番町","1435-2","RENO古町8　2F","2022-10-25 17:22:04","2022-10-25 17:22:04"
"4908","こころのケア三条クリニック","〒955-0051","新潟県三条市鶴田","2丁目1-10","","2022-11-02 17:34:53","2022-11-02 17:34:53"
"4911","ルーシーヘアデザイン","〒950-0842","新潟県新潟市東区もえぎ野","3-12-7","","2022-11-04 07:41:47","2022-11-04 07:41:47"
"4915","アクアSHOPブルーライン三条店","〒955-0065","新潟県三条市旭町","2丁目5-22","","2022-11-05 09:26:05","2022-11-05 09:26:05"
"4917","ピュア・ハート・コンサルティング","〒955-0091","新潟県三条市上須頃","1256","ピュアハートビルディングⅡ","2022-11-07 09:00:12","2022-11-07 09:00:12"
"4938","CLOE小針西店","〒950-2074","新潟県新潟市西区真砂","1丁目13番32号","","2022-11-14 14:27:54","2022-11-14 14:27:54"
"4944","宝来ビル3F","〒951-8063","新潟県新潟市中央区古町通","8番町1503","宝来ビル","2022-11-15 19:02:01","2022-11-15 19:02:01"
"4958","スナックいちご","〒955-0071","新潟県三条市本町","2丁目9-8","チャイカビル1F","2022-11-21 09:46:37","2023-07-24 07:32:03"
"4962","東区江南ラーメン屋","〒950-0855","新潟県新潟市東区江南","3丁目6-12","参丁目ビル1F","2022-11-22 18:03:16","2022-11-22 18:03:16"
"4969","土井鋼材","〒959-1152","新潟県三条市一ツ屋敷新田","539-3","","2022-11-25 11:17:56","2022-11-25 14:34:45"
"4981","桜木町10-21戸建","〒955-0844","新潟県三条市桜木町","10-21","","2022-12-02 11:23:13","2022-12-02 11:23:13"
"5007","万代古着屋","〒950-0087","新潟県新潟市中央区東大通","2-2-9","","2022-12-08 19:30:46","2022-12-08 19:30:46"
"5044","CLOE by LUVISM 古町西堀通店","〒951-8061","新潟県新潟市中央区西堀通","5番町833-8","2F","2022-12-22 18:28:07","2022-12-22 18:28:07"
"5047","EiM社宅","〒951-8164","新潟県新潟市中央区関屋昭和町","2丁目86-3","","2022-12-22 18:31:49","2022-12-22 18:31:49"
"5058","ペッピーキッズクラブ第2五泉村松教室","〒959-1824","新潟県五泉市吉沢","1丁目1番34号","ビル2階","2022-12-27 08:47:44","2022-12-27 08:47:44"
"5059","柳場新田住戸","〒955-0003","新潟県三条市柳場新田","1244-6","","2022-12-27 08:53:03","2022-12-27 08:53:03"
"5064","八木朋弘様邸","〒950-0324","新潟県新潟市江南区酒屋町","599","","2022-12-28 15:57:55","2022-12-28 15:57:55"
"5073","三条市三竹　高橋政隆邸","〒955-0041","新潟県三条市三竹","1丁目5-14","","2023-01-06 18:01:28","2023-01-06 18:01:28"
"5074","本間ビル2Fスナック","〒951-8065","新潟県新潟市中央区東堀通","8番町1412番地","本間ビル2F","2023-01-06 18:45:49","2023-01-06 18:45:49"
"5082","テッドホームズ","〒950-0951","新潟県新潟市中央区鳥屋野","2丁目13-21","TFビル1F","2023-01-10 18:41:17","2023-01-10 18:41:17"
"5084","LUVISMけやき通り店","〒950-0911","新潟県新潟市中央区笹口","2丁目2-6","HKビル1F","2023-01-10 18:45:47","2023-01-10 18:45:47"
"5094","ワインバーnon　ワイン庫","〒951-8063","新潟県新潟市中央区古町通","8番町1436","","2023-01-13 17:13:28","2023-01-13 17:13:28"
"5100","本間2階Bar","〒951-8065","新潟県新潟市中央区東堀通","8番町1412番地","本間ビル2F","2023-01-14 08:06:18","2023-01-14 08:06:18"
"5108","磯部邸","〒940-0071","新潟県長岡市表町","1丁目4-6","YMレジデンス　206号室","2023-01-18 10:03:54","2023-01-18 10:03:54"
"5109","長岡整骨院","〒940-0095","新潟県長岡市日赤町","1丁目1-23","","2023-01-18 10:05:50","2023-04-10 17:05:39"
"5110","廣川美装　工場","〒950-1142","新潟県新潟市江南区楚川","447","","2023-01-18 13:58:56","2023-09-08 14:27:20"
"5119","赤坂ビル2F　BAR","〒950-0087","新潟県新潟市中央区東大通","1丁目6-2","赤坂ビル2F","2023-01-19 18:22:52","2023-01-19 18:22:52"
"5134","焼肉ロッヂ新潟駅前店","〒950-0901","新潟県新潟市中央区弁天","3丁目2-1","マルキタ弁天ビル1階","2023-01-24 13:55:56","2023-01-24 13:55:56"
"5141","コーポカプチーノ","〒959-0227","新潟県燕市粟生津","2736-13","コーポカプチーノ","2023-01-25 18:12:54","2023-01-25 18:12:54"
"5143","にいがた製菓・調理師専門学校えぷろん第2校舎","〒951-8052","新潟県新潟市中央区下大川前通","2230","","2023-01-26 16:29:57","2023-01-26 16:34:03"
"5144","Moon's","〒955-0062","新潟県三条市仲之町","1-5","","2023-01-26 16:38:39","2023-01-26 16:38:39"
"5148","鈴木様事務所","〒951-8063","新潟県新潟市中央区古町通","八番町1508","永喜多ビル3F","2023-01-26 18:34:22","2023-01-26 18:34:22"
"5150","東堀ラーメン屋","〒951-8066","新潟県新潟市中央区東堀前通","5番町406","原田ビル1F","2023-01-26 18:39:58","2023-01-26 18:39:58"
"5155","Lune LINX","〒950-0087","新潟県新潟市中央区東大通","1-5-14","大屋ビル1F","2023-01-30 07:49:41","2023-01-30 07:49:41"
"5172","大滝様店舗","〒950-0086","新潟県新潟市中央区花園","1丁目5-9","ベロウ花園1F","2023-02-06 08:58:18","2023-02-06 08:58:18"
"5178","TAKE2","〒950-0087","新潟県新潟市中央区東大通","1丁目6-2","赤坂ビル2F","2023-02-09 19:05:34","2023-02-09 19:05:34"
"5195","りりぱっと","〒955-0047","新潟県三条市東三条","1丁目9-12","1F","2023-02-16 15:34:43","2023-02-16 15:34:43"
"5196","パーノトリア","〒955-0823","新潟県三条市東本成寺","302-1","","2023-02-16 15:35:54","2023-02-16 15:35:54"
"5199","麺処清水三条店","〒955-0022","新潟県三条市上保内","乙289","","2023-02-17 11:01:42","2023-02-17 11:01:42"
"5204","長谷川　千佳","〒955-0807","新潟県三条市片口","325-9","","2023-02-18 10:13:07","2023-02-18 10:13:07"
"5218","CONCEPT BAR BUNNIES","〒950-0087","新潟県新潟市中央区東大通","1-6-22","三友ビル6F","2023-02-22 19:22:51","2023-02-22 19:22:51"
"5220","片根様邸","〒951-8104","新潟県新潟市中央区西大畑町西","579番6","","2023-02-23 10:55:15","2023-02-23 10:55:15"
"5256","LUVISM MEN","〒950-0088","新潟県新潟市中央区万代","1丁目3-1","万代シネモールビル7F","2023-03-07 20:04:47","2023-03-07 20:04:47"
"5268","LIFE IS A SHOWTIME","〒955-0085","新潟県三条市栗林","1622-5","","2023-03-10 07:39:24","2023-03-10 07:39:24"
"5281","内田様邸ガレージ","〒951-8121","新潟県新潟市中央区水道町","2丁目","","2023-03-14 16:10:08","2023-03-14 16:10:08"
"5292","ブルースカイランドリー","","柏崎市、長岡市","","ウオロク桜木店、原信シビックコア店","2023-03-19 10:33:11","2023-03-19 10:33:11"
"5298","聖籠町　高橋琢磨様邸","〒957-0123","新潟県北蒲原郡聖籠町二本松","字川前2277-1","","2023-03-20 17:36:23","2023-03-20 17:36:23"
"5304","いっとうや新潟駅店","〒950-0086","新潟県新潟市中央区花園","1丁目1-1","新潟駅構内","2023-03-22 08:34:23","2023-04-17 09:48:43"
"5309","トラストコミニュケーション","〒950-0916","新潟県新潟市中央区米山","5丁目14-12","信越メディカルビル2F","2023-03-24 16:40:41","2023-08-12 09:43:43"
"5310","リレーションデンタル","〒950-0000","新潟県新潟市江南区二本木","4丁目11-48-1","","2023-03-24 16:51:28","2023-03-24 16:51:28"
"5320","壱番館ビル2F BAR","〒103-0000","新潟県新潟市中央区東大通","1丁目6-19","","2023-03-28 07:44:26","2023-03-28 07:44:26"
"5323","シンクメディカル","〒950-3111","新潟県新潟市北区太夫浜新町","1丁目15-18","","2023-03-29 16:06:14","2023-03-29 16:06:14"
"5329","燦燦ベース","〒950-0000","新潟県新潟市西蒲区角田浜","字長平1069番1","","2023-03-29 17:18:22","2023-03-29 17:18:22"
"5338","ぺこのそば店(旧らーめん潤三条店)","〒955-0000","新潟県三条市興野","1丁目16-20","","2023-04-03 17:12:38","2023-04-03 17:12:38"
"5361","直江町　吉田様邸","〒955-0832","新潟県三条市直江町","四丁目1887番地2","","2023-04-12 16:46:53","2023-04-12 16:46:53"
"5367","旧STARDUST","〒955-0071","新潟県三条市本町","2丁目3-1","","2023-04-13 17:50:02","2023-04-13 17:50:02"
"5371","憩楽房　凪","〒950-0916","新潟県新潟市中央区米山","2丁目1-5","ケヤキドリーム","2023-04-13 18:06:53","2023-04-13 18:06:53"
"5378","水野昭治様・水野幸子様邸","〒950-0922","新潟県新潟市中央区山二ツ","1丁目16-4","","2023-04-15 09:58:52","2023-04-15 09:58:52"
"5380","新潟駅高架下開発(1E-26区画)三宝様","〒950-0086","新潟県新潟市中央区花園","1丁目1-1","新潟駅","2023-04-17 09:48:28","2023-04-17 09:48:28"
"5395","石川書店","〒955-0071","新潟県三条市本町","2-3-18","石川ビル1F","2023-04-21 18:07:21","2023-04-21 18:07:21"
"5414","スナック紡","〒955-0071","新潟県三条市本町","2-3-1","ファインビル5　1階","2023-04-27 07:39:55","2023-04-27 07:39:55"
"5420","ローゼス","〒955-0071","新潟県三条市本町","2丁目2-22","","2023-04-27 17:22:19","2023-04-27 17:22:19"
"5423","らーめんの土佐屋","〒955-0046","新潟県三条市興野","2丁目2-58","りとるたうん","2023-04-27 17:36:11","2023-04-27 17:36:11"
"5433","+FIT","〒950-0893","新潟県新潟市東区はなみずき","2丁目9-17","","2023-05-01 07:45:31","2023-05-01 07:45:31"
"5436","スナックカイン","〒955-0071","新潟県三条市本町","2丁目3-21","","2023-05-02 18:03:13","2023-05-02 18:03:13"
"5438","ファインビル3","〒955-0071","新潟県三条市本町","2丁目3-21","ファインビル3","2023-05-02 18:06:22","2023-05-02 18:06:22"
"5442","手しごとの店　ちくら","〒950-0901","新潟県新潟市中央区弁天","1丁目1-16","サンテラス石宮","2023-05-08 07:38:22","2023-05-08 07:38:22"
"5447","Re:Step","〒956-0121","新潟県新潟市秋葉区横川浜","546-5","","2023-05-08 18:39:25","2023-05-08 18:39:25"
"5467","無敵","〒950-0087","新潟県新潟市中央区東大通","1-5-61","井越ビル5階","2023-05-13 08:51:34","2023-05-13 08:51:34"
"5475","SANPOU KITCHEN","〒950-0086","新潟県新潟市中央区花園","1丁目1-1","新潟駅","2023-05-16 14:00:20","2023-05-16 14:00:20"
"5478","洋菓子店アルセーヌ","〒959-1232","新潟県燕市井土巻","2丁目","","2023-05-17 11:09:07","2023-05-17 11:09:07"
"5487","魚銭","〒950-0901","新潟県新潟市中央区弁天","3丁目2-1","2F","2023-05-18 16:36:55","2023-05-18 16:36:55"
"5495","古町ビアバー","〒951-8062","新潟県新潟市中央区西堀前通","8番町1525-1","","2023-05-18 17:56:42","2023-05-18 17:56:42"
"5498","高志の宿　高島屋","〒953-0104","新潟県新潟市西蒲区岩室温泉","678","","2023-05-22 11:28:49","2023-05-22 11:28:49"
"5502","シャープネル(古町古着屋)","〒951-8063","新潟県新潟市中央区古町通","3番町648","","2023-05-23 09:20:59","2023-05-23 09:20:59"
"5507","まんぷく食堂","〒951-8063","新潟県新潟市中央区古町通","6番町982-1","ロンドベル古町6番町　1F","2023-05-24 18:31:44","2023-05-24 18:31:44"
"5514","栃尾　小林邸","〒940-0203","新潟県長岡市楡原","1362-27","","2023-05-26 09:55:31","2023-05-26 09:55:31"
"5524","花園　潤","〒950-0086","新潟県新潟市中央区花園","1丁目5-9","ベロウ花園1F","2023-05-31 10:32:29","2023-05-31 10:32:29"
"5533","THE RITZ","〒955-0071","新潟県三条市本町","2丁目2-25","栗田ビル","2023-06-02 09:15:51","2023-06-02 09:15:51"
"5551","LIT CLUB","〒950-0087","新潟県新潟市中央区東大通","1丁目5番27号","駅前セーヌビル5F","2023-06-06 18:01:56","2023-06-06 18:01:56"
"5556","笹口　抹茶カフェ","〒950-0911","新潟県新潟市中央区笹口","11-29","","2023-06-06 18:32:22","2023-06-06 18:32:22"
"5561","加茂市　駒形邸","〒959-1361","新潟県加茂市下条","甲269-3","","2023-06-08 11:19:55","2023-06-08 11:19:55"
"5573","東新保　嵐南エステート様事業計画地","〒955-0863","新潟県三条市東新保","744-1","","2023-06-13 16:09:37","2023-06-13 16:09:37"
"5574","加茂市倉庫","〒959-1311","新潟県加茂市","内","","2023-06-13 18:42:31","2023-06-13 18:42:31"
"5584","寺泊　吉川邸","〒940-2501","新潟県長岡市寺泊野積","","","2023-06-15 11:51:43","2023-06-15 11:51:43"
"5585","酒麺亭潤　新潟駅","〒950-0086","新潟県新潟市中央区花園","1丁目1-1","新潟駅構内","2023-06-15 13:46:53","2023-06-15 13:46:53"
"5589","パドマビル","〒955-0071","新潟県三条市本町","2丁目4-13","","2023-06-15 19:18:00","2023-06-15 19:18:00"
"5591","河渡　新保邸","〒950-0033","新潟県新潟市東区河渡","2丁目2-9","","2023-06-16 11:45:05","2023-06-16 11:45:05"
"5647","やまもと整骨院","〒958-0854","新潟県村上市田端町","10-10","","2023-07-07 07:28:05","2023-07-07 07:28:05"
"5652","キャメロット13","〒959-1232","新潟県燕市井土巻","2丁目280-13","","2023-07-08 16:47:40","2023-07-08 16:47:40"
"5658","アングランパ","〒330-0843","埼玉県さいたま市大宮区吉敷町","4丁目187-1","","2023-07-10 19:13:21","2023-07-10 19:13:21"
"5659","美容室髪結び(赤塚美容室)","〒957-0123","新潟県北蒲原郡聖籠町二本松","2127","","2023-07-11 10:05:47","2023-07-11 10:05:47"
"5660","シューアイボリー","〒950-0075","新潟県新潟市中央区沼垂東","2丁目24-6","","2023-07-11 11:23:03","2023-07-11 11:23:03"
"5661","上須頃美容室(旧県央ぱぷりか)","〒955-0091","新潟県三条市上須頃","789-1","","2023-07-11 16:06:28","2023-07-11 16:06:28"
"5666","幸ビル","〒951-8056","新潟県新潟市中央区花町","1985","幸ビル2F・3F","2023-07-13 17:53:21","2023-07-13 17:53:21"
"5667","オムニ技研ショールーム","〒940-2127","新潟県長岡市新産","3丁目6-5","","2023-07-18 07:34:33","2023-07-18 07:34:33"
"5668","井栗中古住宅","〒955-0013","新潟県三条市井栗","1丁目","","2023-07-21 09:09:11","2023-07-21 09:09:11"
"5669","莉音","〒955-0071","新潟県三条市本町","2-2-27","峰村ビル1F","2023-07-25 18:17:42","2023-07-25 18:17:42"
"5670","和バル　アヒル","〒950-0087","新潟県新潟市中央区東大通","2-4-33","パークソレイユ3番館1F","2023-07-27 17:11:36","2023-07-27 17:11:36"
"5671","小澤様フードバー","〒955-0071","新潟県三条市本町","2-3-18","石川ビル1F","2023-07-31 10:31:20","2023-07-31 10:31:20"
"5672","旧一番星","〒955-0071","新潟県三条市本町","2丁目4-10","カネシメビル2F","2023-07-31 17:40:38","2023-07-31 17:40:38"
"5673","アルムクリニック","〒950-0901","新潟県新潟市中央区弁天","1丁目4-27","伊藤駅前ビル4F","2023-08-02 10:11:54","2023-08-02 10:11:54"
"5674","焼肉うし公加茂店","〒959-1381","新潟県加茂市新栄町","1916-1","","2023-08-07 10:01:33","2023-08-07 10:01:33"
"5675","五泉　伊藤美容室","〒959-1851","新潟県五泉市","内","","2023-08-08 14:29:44","2023-08-08 14:29:44"
"5676","アーサスヘアーデザイン早通店","〒950-3375","新潟県新潟市北区早通南","3-4-6","","2023-08-09 07:46:56","2023-08-09 07:46:56"
"5677","ガーデンハイム2","〒955-0081","新潟県三条市東裏館","3丁目","","2023-08-10 18:30:42","2023-08-10 18:30:42"
"5678","串カツ田中　新潟駅前店","〒950-0086","新潟県新潟市中央区花園","1丁目6-1","シングルイン新潟第一　1F","2023-08-18 18:48:03","2023-08-18 18:48:03"
"5679","鶏料理らんりこ","〒951-8063","新潟県新潟市中央区古町通","八番町1508","永喜多ビル3F","2023-08-19 17:47:03","2023-08-19 17:47:03"
"5680","michi","〒951-8124","新潟県新潟市中央区医学町通","2-74-3","パンビル2F","2023-08-21 18:48:42","2023-08-21 18:48:42"
"5681","スナックチャイカ","〒955-0071","新潟県三条市本町","2丁目9-8","チャイカビル1F","2023-08-22 16:41:54","2023-08-22 16:41:54"
"5682","JOYスポーツ整骨院","〒950-2074","新潟県新潟市西区真砂","4丁目7-3","","2023-08-24 16:08:29","2023-08-24 16:08:29"
"5683","古町古着屋(ミンツビル1F)","〒951-8063","新潟県新潟市中央区古町通","4-638-2","ミンツビル1F","2023-08-26 07:34:23","2023-08-26 07:34:23"
"5684","腹ぺこむっこ","〒951-8063","新潟県新潟市中央区古町通","8丁目1487","三光ビル3F","2023-08-28 07:38:00","2023-08-28 07:38:00"
"5685","Bar SBR","〒950-0901","新潟県新潟市中央区弁天","3丁目2-23","八幡ビル1F","2023-08-29 07:40:59","2023-08-29 07:40:59"
"5686","亀田居酒屋","〒950-0163","新潟県新潟市江南区東船場","3丁目2-33","","2023-09-07 09:14:04","2023-09-07 09:14:04"
